library,species,tissue,PC1,PC2,PC3
Bca_E_StigA,carinata,stigmaE,-128.23371941973738,73.59485242406433,-0.7346194982223461
Bca_E_StigB,carinata,stigmaE,-134.06367250467406,72.96196943063073,0.3988569528645377
Bca_E_StigC,carinata,stigmaE,-133.35694607346446,73.32294258055143,0.41619764060994624
Bca_L_StigA,carinata,stigmaL,-126.01221310803516,72.89152621257388,-8.332442751903415
Bca_L_StigB,carinata,stigmaL,-113.29400097099244,74.34519530799143,-10.299202373003148
Bca_L_StigC,carinata,stigmaL,-122.54515113095466,72.92128098502064,-8.79110104725173
Bca_PolA,carinata,pollen,140.87444029630421,61.912551476393986,-5.62378245833993
Bca_PolB,carinata,pollen,140.56520381400338,61.88768086212094,-5.53456560638889
Bca_PolC,carinata,pollen,139.82778969182735,62.02177572744274,-5.616881352775756
Bju_PolA,juncea,pollen,135.4134954205643,55.74559057388662,-8.557084514809148
Bju_PolB,juncea,pollen,137.8007801150963,55.24598904498054,-8.15243813660614
Bju_PolC,juncea,pollen,137.14406882040808,55.1340812326705,-8.739755449774119
Bju_StigA,juncea,stigma,-125.76616947975764,54.91885858576336,-7.345181149475044
Bju_StigB,juncea,stigma,-126.69534367941608,54.73937880184782,-7.36229588675927
Bju_StigC,juncea,stigma,-122.05754308248525,55.50833823026039,-8.252137517566446
Bna_PolA,napus,pollen,146.79899371140544,-33.452697672478116,-20.152148011582312
Bna_PolB,napus,pollen,142.12449639855112,-34.74067488467617,-20.625785934768345
Bna_PolC,napus,pollen,144.64991901594763,-34.07344950725735,-20.23110785493216
Bna_StigA,napus,stigma,-99.29703922496736,-67.30512849647782,-24.758880214076314
Bna_StigB,napus,stigma,-120.83115332665679,-62.061843179085976,-19.328223836099397
Bna_StigC,napus,stigma,-135.95799543759935,-58.09640726351491,-16.227493330520737
Bni_PolA,nigra,pollen,138.80909144080684,-21.864566196854884,-28.71879865559014
Bni_PolB,nigra,pollen,141.57583771436524,-20.542516320402527,-27.86682673264446
Bni_PolC,nigra,pollen,142.52881393143207,-20.598796052183136,-27.64589975268388
Bni_StigA,nigra,stigma,-120.60125519357499,-47.74044748792742,-30.02231036788333
Bni_StigB,nigra,stigma,-126.48970152228561,-46.76947452552097,-28.684620116537697
Bni_StigC,nigra,stigma,-126.00494540356507,-46.58048258906439,-27.70398547945358
Bol_PolA,oleracea,pollen,131.87145731793817,-14.187578362413085,77.51457467519455
Bol_PolB,oleracea,pollen,128.98414950715127,-15.083859038404338,78.50932882062675
Bol_PolC,oleracea,pollen,132.720642212784,-13.962007433596087,77.19651156050762
Bol_StigA,oleracea,stigma,-87.05788771699044,-35.665430605611796,97.38419838676253
Bol_StigB,oleracea,stigma,-98.78057025117778,-33.26435472348411,93.22364424047906
Bol_StigC,oleracea,stigma,-104.65282893475934,-33.68670337333281,90.48403907246289
Bra_PolA,rapa,pollen,141.72725158456686,-39.392186631373555,-20.714278408473014
Bra_PolB,rapa,pollen,142.61531055283163,-38.822050404947305,-20.567332191431674
Bra_PolC,rapa,pollen,143.51342182949102,-38.75408150570192,-20.529038723204597
Bra_StigA,rapa,stigma,-104.18381504246943,-71.300621924139,-26.351029831781613
Bra_StigB,rapa,stigma,-122.14955339705858,-65.29341371748433,-21.916990719785336
Bra_StigC,rapa,stigma,-131.513658474853,-63.91323958026736,-19.741113445183988
