subgenome,progenitor,block_set,allo_chr,partner_chr,exchange_chr,genes,chr_genes,start_frac,end_frac,first_gene,last_gene,donor_start_frac,donor_end_frac,gene_list
An,rapa,DAGChainer,A2,A02,A05,20,3220,0.4635,0.4694,BnaA02g021630.3DH.1,BnaA02g021840.3DH.1,0.9496,0.9552,BnaA02g021630.3DH.1;BnaA02g021640.3DH.1;BnaA02g021650.3DH.1;BnaA02g021660.3DH.1;BnaA02g021670.3DH.1;BnaA02g021690.3DH.1;BnaA02g021700.3DH.1;BnaA02g021710.3DH.1;BnaA02g021720.3DH.1;BnaA02g021730.3DH.2;BnaA02g021740.3DH.1;BnaA02g021750.3DH.1;BnaA02g021760.3DH.1;BnaA02g021780.3DH.1;BnaA02g021790.3DH.1;BnaA02g021800.3DH.1;BnaA02g021810.3DH.1;BnaA02g021820.3DH.1;BnaA02g021830.3DH.1;BnaA02g021840.3DH.1
An,rapa,DAGChainer,A4,A04,A02,11,2259,0.5013,0.5058,BnaA04g018530.3DH.1,BnaA04g018760.3DH.1,0.4418,0.445,BnaA04g018530.3DH.1;BnaA04g018610.3DH.1;BnaA04g018630.3DH.1;BnaA04g018660.3DH.1;BnaA04g018680.3DH.1;BnaA04g018690.3DH.1;BnaA04g018710.3DH.1;BnaA04g018720.3DH.1;BnaA04g018730.3DH.1;BnaA04g018740.3DH.1;BnaA04g018760.3DH.1
An,rapa,MCScanX,N2,A02,A05,16,2904,0.4585,0.4637,BnaA02g021630.3DH.1,BnaA02g021840.3DH.1,0.9647,0.9683,BnaA02g021630.3DH.1;BnaA02g021640.3DH.1;BnaA02g021660.3DH.1;BnaA02g021670.3DH.1;BnaA02g021690.3DH.1;BnaA02g021710.3DH.1;BnaA02g021720.3DH.1;BnaA02g021730.3DH.1;BnaA02g021740.3DH.1;BnaA02g021750.3DH.1;BnaA02g021760.3DH.1;BnaA02g021790.3DH.1;BnaA02g021800.3DH.1;BnaA02g021810.3DH.1;BnaA02g021820.3DH.1;BnaA02g021840.3DH.1
Aj,rapa,DAGChainer,A01,A01,A02,28,3164,0.5058,0.5144,BjuA01g023170.3DH.1,BjuA01g023560.3DH.1,0.8386,0.8475,BjuA01g023170.3DH.1;BjuA01g023200.3DH.1;BjuA01g023210.3DH.1;BjuA01g023220.3DH.1;BjuA01g023230.3DH.1;BjuA01g023240.3DH.1;BjuA01g023260.3DH.1;BjuA01g023270.3DH.1;BjuA01g023280.3DH.1;BjuA01g023290.3DH.1;BjuA01g023310.3DH.1;BjuA01g023320.3DH.1;BjuA01g023330.3DH.1;BjuA01g023350.3DH.1;BjuA01g023360.3DH.1;BjuA01g023370.3DH.1;BjuA01g023390.3DH.1;BjuA01g023400.3DH.1;BjuA01g023440.3DH.1;BjuA01g023450.3DH.1;BjuA01g023460.3DH.1;BjuA01g023470.3DH.1;BjuA01g023490.3DH.1;BjuA01g023500.3DH.1;BjuA01g023520.3DH.1;BjuA01g023530.3DH.1;BjuA01g023540.3DH.1;BjuA01g023560.3DH.1
Aj,rapa,DAGChainer,A01,A01,A05,5,3164,0.8884,0.8897,4380376492,4380376504,0.9745,0.9754,4380376492;4380376495;4380376498;4380376501;4380376504
Aj,rapa,DAGChainer,A03,A03,A06,5,4887,0.2045,0.2053,BjuA03g013450.3DH.1,BjuA03g013520.3DH.1,0.8142,0.8153,BjuA03g013450.3DH.1;BjuA03g013460.3DH.1;BjuA03g013490.3DH.1;BjuA03g013510.3DH.1;BjuA03g013520.3DH.1
Aj,rapa,DAGChainer,A04,A04,A05,8,2370,0.6243,0.6273,BjuA04g024700.3DH.1,BjuA04g024780.3DH.1,0.7898,0.7934,BjuA04g024700.3DH.1;BjuA04g024710.3DH.1;BjuA04g024720.3DH.1;BjuA04g024730.3DH.1;BjuA04g024740.3DH.1;BjuA04g024750.3DH.1;BjuA04g024770.3DH.1;BjuA04g024780.3DH.1
Aj,rapa,DAGChainer,A04,A04,A05,48,2370,0.634,0.6539,BjuA04g025010.3DH.1,BjuA04g025670.3DH.1,0.7754,0.788,BjuA04g025010.3DH.1;BjuA04g025050.3DH.1;BjuA04g025070.3DH.1;BjuA04g025080.3DH.1;BjuA04g025090.3DH.1;BjuA04g025100.3DH.1;BjuA04g025110.3DH.1;BjuA04g025120.3DH.1;BjuA04g025130.3DH.1;BjuA04g025140.3DH.1;BjuA04g025150.3DH.1;BjuA04g025160.3DH.1;BjuA04g025170.3DH.1;BjuA04g025180.3DH.1;BjuA04g025200.3DH.1;BjuA04g025210.3DH.1;BjuA04g025240.3DH.1;BjuA04g025270.3DH.1;BjuA04g025280.3DH.1;BjuA04g025290.3DH.1;BjuA04g025320.3DH.1;BjuA04g025330.3DH.1;BjuA04g025340.3DH.1;BjuA04g025350.3DH.1;BjuA04g025360.3DH.1;BjuA04g025370.3DH.1;BjuA04g025380.3DH.1;BjuA04g025400.3DH.1;BjuA04g025410.3DH.1;BjuA04g025430.3DH.1;BjuA04g025440.3DH.1;BjuA04g025460.3DH.1;BjuA04g025470.3DH.1;BjuA04g025480.3DH.1;BjuA04g025490.3DH.1;BjuA04g025500.3DH.1;BjuA04g025510.3DH.1;BjuA04g025530.3DH.1;BjuA04g025540.3DH.1;BjuA04g025570.3DH.1;BjuA04g025580.3DH.1;BjuA04g025590.3DH.1;BjuA04g025600.3DH.1;BjuA04g025610.3DH.1;BjuA04g025630.3DH.1;BjuA04g025640.3DH.1;BjuA04g025660.3DH.1;BjuA04g025670.3DH.1
Aj,rapa,DAGChainer,A05,A05,A06,13,2944,0.3812,0.3853,BjuA05g016370.3DH.1,BjuA05g016580.3DH.1,0.4731,0.4766,BjuA05g016370.3DH.1;BjuA05g016380.3DH.1;BjuA05g016390.3DH.1;BjuA05g016420.3DH.1;BjuA05g016450.3DH.1;BjuA05g016460.3DH.1;BjuA05g016490.3DH.1;BjuA05g016520.3DH.1;BjuA05g016530.3DH.1;BjuA05g016550.3DH.1;BjuA05g016560.3DH.1;BjuA05g016570.3DH.1;BjuA05g016580.3DH.1
Aj,rapa,DAGChainer,A08,A08,A10,26,2654,0.1598,0.1692,BjuA08g007340.3DH.1,BjuA08g007690.3DH.1,0.6611,0.6694,BjuA08g007340.3DH.1;BjuA08g007350.3DH.1;BjuA08g007360.3DH.1;BjuA08g007370.3DH.1;BjuA08g007380.3DH.1;BjuA08g007390.3DH.1;BjuA08g007410.3DH.1;BjuA08g007430.3DH.1;BjuA08g007440.3DH.1;BjuA08g007460.3DH.1;BjuA08g007470.3DH.1;BjuA08g007490.3DH.1;BjuA08g007500.3DH.1;BjuA08g007510.3DH.1;BjuA08g007520.3DH.1;BjuA08g007530.3DH.1;BjuA08g007540.3DH.1;BjuA08g007550.3DH.1;BjuA08g007560.3DH.1;BjuA08g007570.3DH.1;BjuA08g007630.3DH.1;BjuA08g007640.3DH.1;BjuA08g007650.3DH.1;BjuA08g007660.3DH.1;BjuA08g007670.3DH.1;BjuA08g007690.3DH.1
Aj,rapa,DAGChainer,A08,A08,A06,11,2654,0.1794,0.1832,BjuA08g008590.3DH.1,BjuA08g008950.3DH.1,0.4964,0.5027,BjuA08g008590.3DH.1;BjuA08g008620.3DH.1;BjuA08g008680.3DH.1;BjuA08g008710.3DH.1;BjuA08g008720.3DH.1;BjuA08g008730.3DH.1;BjuA08g008800.3DH.1;BjuA08g008880.3DH.1;BjuA08g008890.3DH.1;BjuA08g008930.3DH.1;BjuA08g008950.3DH.1
Aj,rapa,DAGChainer,A08,A08,A06,7,2654,0.8477,0.85,BjuA08g036400.3DH.1,BjuA08g036460.3DH.1,0.2029,0.2054,BjuA08g036400.3DH.1;BjuA08g036410.3DH.1;BjuA08g036420.3DH.1;BjuA08g036430.3DH.1;BjuA08g036440.3DH.1;BjuA08g036450.3DH.1;BjuA08g036460.3DH.1
Aj,rapa,DAGChainer,A08,A08,A02,16,2654,0.9943,1.0,BjuA08g041700.3DH.1,BjuA08g042060.3DH.1,0.6044,0.6103,BjuA08g041700.3DH.1;BjuA08g041710.3DH.1;BjuA08g041730.3DH.1;BjuA08g041740.3DH.1;BjuA08g041760.3DH.1;BjuA08g041770.3DH.1;BjuA08g041780.3DH.1;BjuA08g041800.3DH.1;BjuA08g041810.3DH.1;BjuA08g041820.3DH.1;BjuA08g041840.3DH.1;BjuA08g041910.3DH.1;BjuA08g041980.3DH.1;BjuA08g042000.3DH.1;BjuA08g042050.3DH.1;BjuA08g042060.3DH.1
Aj,rapa,DAGChainer,A09,A09,A05,20,4655,0.9656,0.9697,BjuA09g070780.3DH.1,BjuA09g070970.3DH.1,0.9573,0.9617,BjuA09g070780.3DH.1;BjuA09g070790.3DH.2;BjuA09g070800.3DH.1;BjuA09g070810.3DH.1;BjuA09g070820.3DH.1;BjuA09g070830.3DH.1;BjuA09g070840.3DH.1;BjuA09g070850.3DH.1;BjuA09g070860.3DH.1;BjuA09g070870.3DH.1;BjuA09g070880.3DH.1;BjuA09g070890.3DH.1;BjuA09g070900.3DH.1;BjuA09g070910.3DH.1;BjuA09g070920.3DH.1;BjuA09g070930.3DH.1;BjuA09g070940.3DH.1;BjuA09g070950.3DH.1;BjuA09g070960.3DH.1;BjuA09g070970.3DH.1
Aj,rapa,MCScanX,A01,A01,A02,26,2823,0.5124,0.5213,BjuA01g023200.3DH.1,BjuA01g023540.3DH.1,0.8538,0.8587,BjuA01g023200.3DH.1;BjuA01g023210.3DH.1;BjuA01g023220.3DH.1;BjuA01g023230.3DH.1;BjuA01g023240.3DH.1;BjuA01g023250.3DH.1;BjuA01g023260.3DH.1;BjuA01g023270.3DH.1;BjuA01g023280.3DH.1;BjuA01g023290.3DH.1;BjuA01g023310.3DH.1;BjuA01g023320.3DH.1;BjuA01g023330.3DH.1;BjuA01g023350.3DH.1;BjuA01g023360.3DH.1;BjuA01g023370.3DH.1;BjuA01g023390.3DH.1;BjuA01g023430.3DH.1;BjuA01g023440.3DH.1;BjuA01g023450.3DH.1;BjuA01g023460.3DH.1;BjuA01g023470.3DH.1;BjuA01g023490.3DH.1;BjuA01g023500.3DH.1;BjuA01g023520.3DH.1;BjuA01g023540.3DH.1
Aj,rapa,MCScanX,A01,A01,A05,5,2823,0.8933,0.8948,BjuA01g045850.3DH.1,BjuA01g045890.3DH.1,0.9812,0.9816,BjuA01g045850.3DH.1;BjuA01g045860.3DH.1;BjuA01g045870.3DH.1;BjuA01g045880.3DH.1;BjuA01g045890.3DH.1
Aj,rapa,MCScanX,A03,A03,A06,5,4431,0.2034,0.2043,BjuA03g013460.3DH.1,BjuA03g013520.3DH.1,0.8426,0.8434,BjuA03g013460.3DH.1;BjuA03g013480.3DH.1;BjuA03g013500.3DH.1;BjuA03g013510.3DH.1;BjuA03g013520.3DH.1
Aj,rapa,MCScanX,A04,A04,A05,6,2138,0.6317,0.6341,BjuA04g024700.3DH.1,BjuA04g024780.3DH.1,0.8496,0.8517,BjuA04g024700.3DH.1;BjuA04g024710.3DH.1;BjuA04g024720.3DH.1;BjuA04g024730.3DH.1;BjuA04g024740.3DH.1;BjuA04g024780.3DH.1
Aj,rapa,MCScanX,A04,A04,A05,17,2138,0.6401,0.6476,BjuA04g025010.3DH.1,BjuA04g025290.3DH.1,0.8434,0.8482,BjuA04g025010.3DH.1;BjuA04g025040.3DH.1;BjuA04g025050.3DH.1;BjuA04g025080.3DH.1;BjuA04g025110.3DH.1;BjuA04g025120.3DH.1;BjuA04g025130.3DH.1;BjuA04g025140.3DH.1;BjuA04g025150.3DH.1;BjuA04g025170.3DH.1;BjuA04g025190.3DH.1;BjuA04g025210.3DH.1;BjuA04g025240.3DH.1;BjuA04g025250.3DH.1;BjuA04g025270.3DH.1;BjuA04g025280.3DH.1;BjuA04g025290.3DH.1
Aj,rapa,MCScanX,A04,A04,A05,22,2138,0.6486,0.6584,BjuA04g025330.3DH.1,BjuA04g025640.3DH.1,0.8388,0.8429,BjuA04g025330.3DH.1;BjuA04g025340.3DH.1;BjuA04g025350.3DH.1;BjuA04g025360.3DH.1;BjuA04g025370.3DH.1;BjuA04g025380.3DH.1;BjuA04g025400.3DH.1;BjuA04g025410.3DH.1;BjuA04g025460.3DH.1;BjuA04g025470.3DH.1;BjuA04g025480.3DH.1;BjuA04g025490.3DH.1;BjuA04g025500.3DH.1;BjuA04g025510.3DH.1;BjuA04g025520.3DH.1;BjuA04g025530.3DH.1;BjuA04g025540.3DH.1;BjuA04g025550.3DH.1;BjuA04g025580.3DH.1;BjuA04g025590.3DH.1;BjuA04g025630.3DH.1;BjuA04g025640.3DH.1
Aj,rapa,MCScanX,A05,A05,A06,13,2716,0.3816,0.386,BjuA05g016370.3DH.1,BjuA05g016580.3DH.1,0.4314,0.4368,BjuA05g016370.3DH.1;BjuA05g016380.3DH.1;BjuA05g016440.3DH.1;BjuA05g016450.3DH.1;BjuA05g016460.3DH.1;BjuA05g016490.3DH.1;BjuA05g016510.3DH.1;BjuA05g016520.3DH.1;BjuA05g016530.3DH.1;BjuA05g016550.3DH.1;BjuA05g016560.3DH.1;BjuA05g016570.3DH.1;BjuA05g016580.3DH.1
Aj,rapa,MCScanX,A08,A08,A10,8,2343,0.1657,0.1687,BjuA08g007340.3DH.1,BjuA08g007440.3DH.1,0.7636,0.7654,BjuA08g007340.3DH.1;BjuA08g007350.3DH.1;BjuA08g007360.3DH.1;BjuA08g007380.3DH.1;BjuA08g007410.3DH.1;BjuA08g007420.3DH.1;BjuA08g007430.3DH.1;BjuA08g007440.3DH.1
Aj,rapa,MCScanX,A08,A08,A10,13,2343,0.1695,0.1746,BjuA08g007460.3DH.1,BjuA08g007690.3DH.1,0.7602,0.7635,BjuA08g007460.3DH.1;BjuA08g007490.3DH.1;BjuA08g007500.3DH.1;BjuA08g007510.3DH.1;BjuA08g007520.3DH.1;BjuA08g007530.3DH.1;BjuA08g007550.3DH.1;BjuA08g007560.3DH.1;BjuA08g007630.3DH.1;BjuA08g007640.3DH.1;BjuA08g007650.3DH.1;BjuA08g007660.3DH.1;BjuA08g007690.3DH.1
Aj,rapa,MCScanX,A08,A08,A06,8,2343,0.1836,0.1866,BjuA08g008590.3DH.1,BjuA08g008930.3DH.1,0.4784,0.5005,BjuA08g008590.3DH.1;BjuA08g008630.3DH.1;BjuA08g008710.3DH.1;BjuA08g008730.3DH.1;BjuA08g008800.3DH.1;BjuA08g008880.3DH.1;BjuA08g008890.3DH.1;BjuA08g008930.3DH.1
Aj,rapa,MCScanX,A08,A08,A02,12,2343,0.994,0.9987,BjuA08g041700.3DH.1,BjuA08g041910.3DH.1,0.5443,0.5496,BjuA08g041700.3DH.1;BjuA08g041720.3DH.1;BjuA08g041730.3DH.1;BjuA08g041740.3DH.1;BjuA08g041770.3DH.1;BjuA08g041780.3DH.1;BjuA08g041800.3DH.1;BjuA08g041810.3DH.1;BjuA08g041860.3DH.1;BjuA08g041870.3DH.1;BjuA08g041890.3DH.1;BjuA08g041910.3DH.1
Aj,rapa,MCScanX,A09,A09,A05,18,4242,0.9665,0.9705,BjuA09g070780.3DH.1,BjuA09g070970.3DH.1,0.9696,0.9727,BjuA09g070780.3DH.1;BjuA09g070790.3DH.1;BjuA09g070800.3DH.1;BjuA09g070820.3DH.1;BjuA09g070830.3DH.1;BjuA09g070840.3DH.1;BjuA09g070850.3DH.1;BjuA09g070860.3DH.1;BjuA09g070870.3DH.1;BjuA09g070880.3DH.1;BjuA09g070890.3DH.1;BjuA09g070900.3DH.1;BjuA09g070910.3DH.1;BjuA09g070920.3DH.1;BjuA09g070930.3DH.1;BjuA09g070940.3DH.1;BjuA09g070960.3DH.1;BjuA09g070970.3DH.1
Bj,nigra,DAGChainer,B01,B1,B4,6,3907,0.5448,0.5461,BjuB01g036310.3DH.1,BjuB01g036420.3DH.1,0.8681,0.8691,BjuB01g036310.3DH.1;BjuB01g036360.3DH.1;BjuB01g036370.3DH.1;BjuB01g036380.3DH.1;BjuB01g036410.3DH.1;BjuB01g036420.3DH.1
Bj,nigra,DAGChainer,B01,B1,B7,6,3907,0.6388,0.64,BjuB01g043690.3DH.1,BjuB01g043760.3DH.1,0.2692,0.27,BjuB01g043690.3DH.1;BjuB01g043720.3DH.1;BjuB01g043730.3DH.1;BjuB01g043740.3DH.1;BjuB01g043750.3DH.1;BjuB01g043760.3DH.1
Bj,nigra,DAGChainer,B01,B1,B3,5,3907,0.6406,0.6416,BjuB01g043810.3DH.1,BjuB01g043920.3DH.1,0.845,0.8465,BjuB01g043810.3DH.1;BjuB01g043830.3DH.1;BjuB01g043840.3DH.1;BjuB01g043850.3DH.1;BjuB01g043920.3DH.1
Bj,nigra,DAGChainer,B01,B1,B7,5,3907,0.6418,0.6429,BjuB01g043940.3DH.1,BjuB01g044020.3DH.1,0.2658,0.2665,BjuB01g043940.3DH.1;BjuB01g043960.3DH.1;BjuB01g043990.3DH.1;BjuB01g044010.3DH.1;BjuB01g044020.3DH.1
Bj,nigra,DAGChainer,B01,B1,B7,20,3907,0.6434,0.6482,BjuB01g044050.3DH.1,BjuB01g044270.3DH.1,0.2612,0.2656,BjuB01g044050.3DH.1;BjuB01g044060.3DH.1;BjuB01g044070.3DH.1;BjuB01g044080.3DH.1;BjuB01g044090.3DH.1;BjuB01g044120.3DH.1;BjuB01g044130.3DH.1;BjuB01g044140.3DH.1;BjuB01g044150.3DH.1;BjuB01g044160.3DH.1;BjuB01g044170.3DH.1;BjuB01g044180.3DH.1;BjuB01g044190.3DH.1;BjuB01g044210.3DH.1;BjuB01g044220.3DH.1;BjuB01g044230.3DH.1;BjuB01g044240.3DH.1;BjuB01g044250.3DH.1;BjuB01g044260.3DH.1;BjuB01g044270.3DH.1
Bj,nigra,DAGChainer,B02,B2,B4,14,6351,0.2691,0.2712,BjuB02g032020.3DH.1,BjuB02g032340.3DH.1,0.9975,0.9999,BjuB02g032020.3DH.1;BjuB02g032050.3DH.1;BjuB02g032060.3DH.1;BjuB02g032100.3DH.1;BjuB02g032130.3DH.1;BjuB02g032160.3DH.1;BjuB02g032200.3DH.1;BjuB02g032240.3DH.1;BjuB02g032260.3DH.1;BjuB02g032270.3DH.1;BjuB02g032280.3DH.1;BjuB02g032320.3DH.1;BjuB02g032330.3DH.1;BjuB02g032340.3DH.1
Bj,nigra,DAGChainer,B03,B3,B8,5,4884,0.1771,0.178,BjuB03g011160.3DH.1,BjuB03g011230.3DH.1,0.2076,0.2082,BjuB03g011160.3DH.1;BjuB03g011180.3DH.1;BjuB03g011190.3DH.1;BjuB03g011200.3DH.1;BjuB03g011230.3DH.1
Bj,nigra,DAGChainer,B04,B4,B1,5,4231,0.6404,0.6414,BjuB04g038550.3DH.1,BjuB04g038600.3DH.1,0.5189,0.5197,BjuB04g038550.3DH.1;BjuB04g038560.3DH.1;BjuB04g038570.3DH.1;BjuB04g038590.3DH.1;BjuB04g038600.3DH.1
Bj,nigra,DAGChainer,B04,B4,B1,12,4231,0.8099,0.8125,BjuB04g051510.3DH.1,BjuB04g051780.3DH.1,0.583,0.5861,BjuB04g051510.3DH.1;BjuB04g051520.3DH.1;BjuB04g051580.3DH.1;BjuB04g051640.3DH.1;BjuB04g051650.3DH.1;BjuB04g051660.3DH.1;BjuB04g051680.3DH.1;BjuB04g051690.3DH.1;BjuB04g051720.3DH.1;BjuB04g051740.3DH.1;BjuB04g051770.3DH.1;BjuB04g051780.3DH.1
Bj,nigra,DAGChainer,B04,B4,B8,11,4231,0.9452,0.9475,BjuB04g063590.3DH.1,BjuB04g063810.3DH.1,0.61,0.6126,BjuB04g063590.3DH.1;BjuB04g063600.3DH.1;BjuB04g063620.3DH.1;BjuB04g063640.3DH.1;BjuB04g063650.3DH.1;BjuB04g063680.3DH.1;BjuB04g063700.3DH.1;BjuB04g063710.3DH.1;BjuB04g063720.3DH.1;BjuB04g063730.3DH.1;BjuB04g063810.3DH.1
Bj,nigra,DAGChainer,B05,B5,B7,18,4940,0.8506,0.854,BjuB05g069530.3DH.1,BjuB05g070040.3DH.1,0.2829,0.2881,BjuB05g069530.3DH.1;BjuB05g069550.3DH.1;BjuB05g069570.3DH.1;BjuB05g069620.3DH.1;BjuB05g069630.3DH.1;BjuB05g069660.3DH.1;BjuB05g069680.3DH.1;BjuB05g069690.3DH.1;BjuB05g069760.3DH.1;BjuB05g069860.3DH.1;BjuB05g069870.3DH.1;BjuB05g069940.3DH.1;BjuB05g069950.3DH.1;BjuB05g069960.3DH.1;BjuB05g069970.3DH.1;BjuB05g069980.3DH.1;BjuB05g070000.3DH.1;BjuB05g070040.3DH.1
Bj,nigra,DAGChainer,B06,B6,B8,19,4599,0.0,0.0039,BjuB06g001240.3DH.1,BjuB06g001510.3DH.1,0.0662,0.0696,BjuB06g001240.3DH.1;BjuB06g001250.3DH.1;BjuB06g001300.3DH.1;BjuB06g001310.3DH.1;BjuB06g001320.3DH.1;BjuB06g001330.3DH.1;BjuB06g001340.3DH.1;BjuB06g001370.3DH.1;BjuB06g001380.3DH.1;BjuB06g001390.3DH.1;BjuB06g001400.3DH.1;BjuB06g001420.3DH.1;BjuB06g001430.3DH.1;BjuB06g001460.3DH.1;BjuB06g001470.3DH.1;BjuB06g001480.3DH.1;BjuB06g001490.3DH.1;BjuB06g001500.3DH.1;BjuB06g001510.3DH.1
Bj,nigra,DAGChainer,B06,B6,B5,5,4599,0.0057,0.0065,BjuB06g002210.3DH.1,BjuB06g002250.3DH.1,0.0104,0.0109,BjuB06g002210.3DH.1;BjuB06g002220.3DH.1;BjuB06g002230.3DH.1;BjuB06g002240.3DH.1;BjuB06g002250.3DH.1
Bj,nigra,DAGChainer,B06,B6,B5,5,4599,0.0074,0.0083,BjuB06g002340.3DH.1,BjuB06g002400.3DH.1,0.0112,0.0119,BjuB06g002340.3DH.1;BjuB06g002360.3DH.1;BjuB06g002370.3DH.1;BjuB06g002390.3DH.1;BjuB06g002400.3DH.1
Bj,nigra,DAGChainer,B06,B6,B7,13,4599,0.3084,0.311,BjuB06g021490.3DH.1,BjuB06g021710.3DH.1,0.3547,0.3575,BjuB06g021490.3DH.1;BjuB06g021500.3DH.1;BjuB06g021510.3DH.1;BjuB06g021540.3DH.1;BjuB06g021550.3DH.1;BjuB06g021580.3DH.1;BjuB06g021590.3DH.1;BjuB06g021600.3DH.1;BjuB06g021610.3DH.1;BjuB06g021620.3DH.1;BjuB06g021650.3DH.1;BjuB06g021670.3DH.1;BjuB06g021710.3DH.1
Bj,nigra,DAGChainer,B06,B6,B4,5,4599,0.4356,0.4365,BjuB06g031730.3DH.1,BjuB06g031780.3DH.1,0.8681,0.869,BjuB06g031730.3DH.1;BjuB06g031740.3DH.1;BjuB06g031760.3DH.1;BjuB06g031770.3DH.1;BjuB06g031780.3DH.1
Bj,nigra,DAGChainer,B07,B7,B4,5,3960,0.0566,0.0576,BjuB07g004210.3DH.1,BjuB07g004250.3DH.1,0.8945,0.896,BjuB07g004210.3DH.1;BjuB07g004220.3DH.1;BjuB07g004230.3DH.1;BjuB07g004240.3DH.1;BjuB07g004250.3DH.1
Bj,nigra,DAGChainer,B07,B7,B4,5,3960,0.102,0.1031,BjuB07g007620.3DH.1,BjuB07g007720.3DH.1,0.8681,0.8691,BjuB07g007620.3DH.1;BjuB07g007640.3DH.1;BjuB07g007660.3DH.1;BjuB07g007700.3DH.1;BjuB07g007720.3DH.1
Bj,nigra,DAGChainer,B07,B7,B2,7,3960,0.4789,0.4804,BjuB07g035310.3DH.1,BjuB07g035530.3DH.1,0.3022,0.303,BjuB07g035310.3DH.1;BjuB07g035330.3DH.1;BjuB07g035360.3DH.1;BjuB07g035440.3DH.1;BjuB07g035480.3DH.1;BjuB07g035520.3DH.1;BjuB07g035530.3DH.1
Bj,nigra,MCScanX,B01,B1,B7,11,3671,0.6499,0.6526,BjuB01g043750.3DH.1,BjuB01g043990.3DH.1,0.46,0.4836,BjuB01g043750.3DH.1;BjuB01g043850.3DH.1;BjuB01g043860.3DH.1;BjuB01g043890.3DH.1;BjuB01g043900.3DH.1;BjuB01g043910.3DH.1;BjuB01g043930.3DH.1;BjuB01g043940.3DH.1;BjuB01g043960.3DH.1;BjuB01g043970.3DH.1;BjuB01g043990.3DH.1
Bj,nigra,MCScanX,B01,B1,B7,18,3671,0.6531,0.6578,BjuB01g044050.3DH.1,BjuB01g044270.3DH.1,0.4552,0.4596,BjuB01g044050.3DH.1;BjuB01g044060.3DH.1;BjuB01g044070.3DH.1;BjuB01g044080.3DH.1;BjuB01g044090.3DH.1;BjuB01g044120.3DH.1;BjuB01g044130.3DH.1;BjuB01g044140.3DH.1;BjuB01g044150.3DH.1;BjuB01g044160.3DH.1;BjuB01g044170.3DH.1;BjuB01g044180.3DH.1;BjuB01g044200.3DH.1;BjuB01g044220.3DH.1;BjuB01g044230.3DH.1;BjuB01g044240.3DH.1;BjuB01g044250.3DH.1;BjuB01g044270.3DH.1
Bj,nigra,MCScanX,B02,B2,B3,5,5821,0.1959,0.1966,BjuB02g019600.3DH.1,BjuB02g019660.3DH.1,0.4021,0.4023,BjuB02g019600.3DH.1;BjuB02g019630.3DH.1;BjuB02g019640.3DH.1;BjuB02g019650.3DH.1;BjuB02g019660.3DH.1
Bj,nigra,MCScanX,B02,B2,B4,14,5821,0.2852,0.2875,BjuB02g032020.3DH.1,BjuB02g032410.3DH.1,0.9817,0.9857,BjuB02g032020.3DH.1;BjuB02g032070.3DH.1;BjuB02g032100.3DH.1;BjuB02g032190.3DH.1;BjuB02g032200.3DH.1;BjuB02g032230.3DH.1;BjuB02g032240.3DH.1;BjuB02g032260.3DH.1;BjuB02g032270.3DH.1;BjuB02g032320.3DH.1;BjuB02g032330.3DH.1;BjuB02g032340.3DH.1;BjuB02g032360.3DH.1;BjuB02g032410.3DH.1
Bj,nigra,MCScanX,B03,B3,B8,5,4556,0.1719,0.1728,BjuB03g011160.3DH.1,BjuB03g011230.3DH.1,0.1132,0.1135,BjuB03g011160.3DH.1;BjuB03g011170.3DH.1;BjuB03g011180.3DH.1;BjuB03g011190.3DH.1;BjuB03g011230.3DH.1
Bj,nigra,MCScanX,B04,B4,B1,11,4073,0.8033,0.8057,BjuB04g051510.3DH.1,BjuB04g051780.3DH.1,0.6996,0.7081,BjuB04g051510.3DH.1;BjuB04g051520.3DH.1;BjuB04g051580.3DH.1;BjuB04g051640.3DH.1;BjuB04g051650.3DH.1;BjuB04g051660.3DH.1;BjuB04g051680.3DH.1;BjuB04g051730.3DH.1;BjuB04g051740.3DH.1;BjuB04g051770.3DH.1;BjuB04g051780.3DH.1
Bj,nigra,MCScanX,B04,B4,B8,8,4073,0.9472,0.9489,BjuB04g063620.3DH.1,BjuB04g063720.3DH.1,0.4531,0.4546,BjuB04g063620.3DH.1;BjuB04g063630.3DH.1;BjuB04g063650.3DH.1;BjuB04g063670.3DH.1;BjuB04g063680.3DH.1;BjuB04g063700.3DH.1;BjuB04g063710.3DH.1;BjuB04g063720.3DH.1
Bj,nigra,MCScanX,B05,B5,B6,5,4649,0.0985,0.0994,BjuB05g006520.3DH.1,BjuB05g006580.3DH.1,0.0923,0.3501,BjuB05g006520.3DH.1;BjuB05g006530.3DH.1;BjuB05g006560.3DH.1;BjuB05g006570.3DH.1;BjuB05g006580.3DH.1
Bj,nigra,MCScanX,B05,B5,B1,5,4649,0.3612,0.3621,BjuB05g024680.3DH.1,BjuB05g024720.3DH.1,0.8686,0.8689,BjuB05g024680.3DH.1;BjuB05g024690.3DH.1;BjuB05g024700.3DH.1;BjuB05g024710.3DH.1;BjuB05g024720.3DH.1
Bj,nigra,MCScanX,B05,B5,B7,5,4649,0.6977,0.6986,BjuB05g052900.3DH.1,BjuB05g052970.3DH.1,0.2792,0.3959,BjuB05g052900.3DH.1;BjuB05g052940.3DH.1;BjuB05g052950.3DH.1;BjuB05g052960.3DH.1;BjuB05g052970.3DH.1
Bj,nigra,MCScanX,B05,B5,B7,19,4649,0.8436,0.8475,BjuB05g069530.3DH.1,BjuB05g070040.3DH.1,0.5039,0.5122,BjuB05g069530.3DH.1;BjuB05g069550.3DH.1;BjuB05g069560.3DH.1;BjuB05g069570.3DH.1;BjuB05g069600.3DH.1;BjuB05g069610.3DH.1;BjuB05g069630.3DH.1;BjuB05g069660.3DH.1;BjuB05g069680.3DH.1;BjuB05g069690.3DH.1;BjuB05g069760.3DH.1;BjuB05g069830.3DH.1;BjuB05g069870.3DH.1;BjuB05g069900.3DH.1;BjuB05g069910.3DH.1;BjuB05g069970.3DH.1;BjuB05g069980.3DH.1;BjuB05g070000.3DH.1;BjuB05g070040.3DH.1
Bj,nigra,MCScanX,B06,B6,B8,24,4305,0.0012,0.0065,BjuB06g001120.3DH.1,BjuB06g001510.3DH.1,0.0385,0.2407,BjuB06g001120.3DH.1;BjuB06g001230.3DH.1;BjuB06g001240.3DH.1;BjuB06g001250.3DH.1;BjuB06g001260.3DH.1;BjuB06g001270.3DH.1;BjuB06g001290.3DH.1;BjuB06g001300.3DH.1;BjuB06g001310.3DH.1;BjuB06g001320.3DH.1;BjuB06g001340.3DH.1;BjuB06g001350.3DH.1;BjuB06g001360.3DH.1;BjuB06g001370.3DH.1;BjuB06g001380.3DH.1;BjuB06g001390.3DH.1;BjuB06g001410.3DH.1;BjuB06g001420.3DH.1;BjuB06g001430.3DH.1;BjuB06g001460.3DH.1;BjuB06g001470.3DH.1;BjuB06g001480.3DH.1;BjuB06g001500.3DH.1;BjuB06g001510.3DH.1
Bj,nigra,MCScanX,B06,B6,B5,14,4305,0.0074,0.0105,BjuB06g002140.3DH.1,BjuB06g002300.3DH.1,0.006,0.0067,BjuB06g002140.3DH.1;BjuB06g002150.3DH.1;BjuB06g002160.3DH.1;BjuB06g002170.3DH.1;BjuB06g002180.3DH.1;BjuB06g002190.3DH.1;BjuB06g002210.3DH.1;BjuB06g002220.3DH.1;BjuB06g002230.3DH.1;BjuB06g002240.3DH.1;BjuB06g002250.3DH.1;BjuB06g002260.3DH.1;BjuB06g002290.3DH.1;BjuB06g002300.3DH.1
Bj,nigra,MCScanX,B06,B6,B7,11,4305,0.3053,0.3076,BjuB06g021580.3DH.1,BjuB06g021800.3DH.1,0.5942,0.6,BjuB06g021580.3DH.1;BjuB06g021600.3DH.1;BjuB06g021610.3DH.1;BjuB06g021650.3DH.1;BjuB06g021670.3DH.1;BjuB06g021730.3DH.1;BjuB06g021740.3DH.1;BjuB06g021750.3DH.1;BjuB06g021760.3DH.1;BjuB06g021770.3DH.1;BjuB06g021800.3DH.1
Bj,nigra,MCScanX,B06,B6,B8,5,4305,0.5072,0.5081,BjuB06g038360.3DH.1,BjuB06g038410.3DH.1,0.443,0.4443,BjuB06g038360.3DH.1;BjuB06g038370.3DH.1;BjuB06g038390.3DH.1;BjuB06g038400.3DH.1;BjuB06g038410.3DH.1
Bj,nigra,MCScanX,B07,B7,B2,5,3752,0.4855,0.4865,BjuB07g035310.3DH.1,BjuB07g035520.3DH.1,0.2825,0.4392,BjuB07g035310.3DH.1;BjuB07g035360.3DH.1;BjuB07g035400.3DH.1;BjuB07g035480.3DH.1;BjuB07g035520.3DH.1
Bj,nigra,MCScanX,B08,B8,B1,5,4443,0.2956,0.2965,BjuB08g020890.3DH.1,BjuB08g020940.3DH.1,0.8617,0.8619,BjuB08g020890.3DH.1;BjuB08g020910.3DH.1;BjuB08g020920.3DH.1;BjuB08g020930.3DH.1;BjuB08g020940.3DH.1
Bc,nigra,DAGChainer,B1,B1,B4,5,3811,0.5438,0.5449,BcaB01g034200.3DH.1,BcaB01g034310.3DH.1,0.8765,0.8776,BcaB01g034200.3DH.1;BcaB01g034260.3DH.1;BcaB01g034270.3DH.1;BcaB01g034300.3DH.1;BcaB01g034310.3DH.1
Bc,nigra,DAGChainer,B1,B1,B4,8,3811,0.9948,0.9966,BcaB01g060820.3DH.1,BcaB01g061170.3DH.1,0.8896,0.8917,BcaB01g060820.3DH.1;BcaB01g060830.3DH.1;BcaB01g060970.3DH.1;BcaB01g061060.3DH.1;BcaB01g061070.3DH.1;BcaB01g061130.3DH.1;BcaB01g061160.3DH.1;BcaB01g061170.3DH.1
Bc,nigra,DAGChainer,B2,B2,B5,7,6126,0.0,0.001,BcaB02g000010.3DH.1,BcaB02g000140.3DH.1,0.0191,0.0203,BcaB02g000010.3DH.1;BcaB02g000020.3DH.1;BcaB02g000040.3DH.1;BcaB02g000050.3DH.1;BcaB02g000060.3DH.1;BcaB02g000120.3DH.1;BcaB02g000140.3DH.1
Bc,nigra,DAGChainer,B3,B3,B8,6,4931,0.828,0.829,BcaB03g058200.3DH.1,BcaB03g058260.3DH.1,0.6112,0.6122,BcaB03g058200.3DH.1;BcaB03g058210.3DH.1;BcaB03g058220.3DH.1;BcaB03g058230.3DH.1;BcaB03g058240.3DH.1;BcaB03g058260.3DH.1
Bc,nigra,DAGChainer,B4,B4,B7,31,3805,0.6709,0.6788,BcaB04g036870.3DH.1,BcaB04g037470.3DH.1,0.202,0.2088,BcaB04g036870.3DH.1;BcaB04g036900.3DH.1;BcaB04g036910.3DH.2;BcaB04g036920.3DH.1;BcaB04g036930.3DH.1;BcaB04g037010.3DH.1;BcaB04g037050.3DH.1;BcaB04g037060.3DH.1;BcaB04g037070.3DH.1;BcaB04g037080.3DH.1;BcaB04g037090.3DH.1;BcaB04g037170.3DH.1;BcaB04g037200.3DH.1;BcaB04g037210.3DH.1;BcaB04g037230.3DH.1;BcaB04g037240.3DH.1;BcaB04g037290.3DH.1;BcaB04g037300.3DH.1;BcaB04g037310.3DH.1;BcaB04g037320.3DH.1;BcaB04g037340.3DH.1;BcaB04g037350.3DH.1;BcaB04g037360.3DH.1;BcaB04g037370.3DH.1;BcaB04g037390.3DH.1;BcaB04g037410.3DH.1;BcaB04g037430.3DH.1;BcaB04g037440.3DH.1;BcaB04g037450.3DH.1;BcaB04g037460.3DH.1;BcaB04g037470.3DH.1
Bc,nigra,DAGChainer,B4,B4,B2,10,3805,0.7892,0.7915,BcaB04g045110.3DH.1,BcaB04g045260.3DH.1,0.3038,0.3048,BcaB04g045110.3DH.1;BcaB04g045120.3DH.1;BcaB04g045150.3DH.1;BcaB04g045170.3DH.1;BcaB04g045190.3DH.1;BcaB04g045200.3DH.1;BcaB04g045210.3DH.1;BcaB04g045220.3DH.1;BcaB04g045230.3DH.1;BcaB04g045260.3DH.1
Bc,nigra,DAGChainer,B4,B4,B2,7,3805,0.8365,0.8381,BcaB04g048770.3DH.1,BcaB04g048870.3DH.1,0.2758,0.2767,BcaB04g048770.3DH.1;BcaB04g048790.3DH.1;BcaB04g048800.3DH.1;BcaB04g048810.3DH.1;BcaB04g048830.3DH.1;BcaB04g048860.3DH.1;BcaB04g048870.3DH.1
Bc,nigra,DAGChainer,B5,B5,B6,6,4785,0.4208,0.4218,BcaB05g027440.3DH.1,BcaB05g027500.3DH.1,0.6746,0.6755,BcaB05g027440.3DH.1;BcaB05g027450.3DH.1;BcaB05g027460.3DH.1;BcaB05g027470.3DH.1;BcaB05g027480.3DH.1;BcaB05g027500.3DH.1
Bc,nigra,DAGChainer,B5,B5,B7,6,4785,0.6154,0.6164,BcaB05g042720.3DH.1,BcaB05g042770.3DH.1,0.4869,0.488,BcaB05g042720.3DH.1;BcaB05g042730.3DH.1;BcaB05g042740.3DH.1;BcaB05g042750.3DH.1;BcaB05g042760.3DH.1;BcaB05g042770.3DH.1
Bc,nigra,DAGChainer,B6,B6,B5,19,4403,0.0,0.0041,BcaB06g001830.3DH.1,BcaB06g002070.3DH.1,0.009,0.0121,BcaB06g001830.3DH.1;BcaB06g001840.3DH.1;BcaB06g001850.3DH.1;BcaB06g001860.3DH.1;BcaB06g001870.3DH.1;BcaB06g001900.3DH.1;BcaB06g001910.3DH.1;BcaB06g001920.3DH.1;BcaB06g001930.3DH.1;BcaB06g001940.3DH.1;BcaB06g001950.3DH.1;BcaB06g001960.3DH.1;BcaB06g001970.3DH.1;BcaB06g001990.3DH.1;BcaB06g002010.3DH.1;BcaB06g002020.3DH.1;BcaB06g002050.3DH.1;BcaB06g002060.3DH.1;BcaB06g002070.3DH.1
Bc,nigra,DAGChainer,B6,B6,B7,15,4403,0.4237,0.4269,BcaB06g028800.3DH.1,BcaB06g029040.3DH.1,0.2147,0.2178,BcaB06g028800.3DH.1;BcaB06g028820.3DH.1;BcaB06g028890.3DH.1;BcaB06g028900.3DH.1;BcaB06g028910.3DH.1;BcaB06g028920.3DH.1;BcaB06g028940.3DH.1;BcaB06g028950.3DH.1;BcaB06g028970.3DH.1;BcaB06g028980.3DH.1;BcaB06g028990.3DH.1;BcaB06g029000.3DH.1;BcaB06g029010.3DH.1;BcaB06g029020.3DH.1;BcaB06g029040.3DH.1
Bc,nigra,DAGChainer,B6,B6,B4,5,4403,0.9966,0.9975,BcaB06g065650.3DH.1,BcaB06g065730.3DH.1,0.8765,0.8776,BcaB06g065650.3DH.1;BcaB06g065660.3DH.1;BcaB06g065680.3DH.1;BcaB06g065720.3DH.1;BcaB06g065730.3DH.1
Bc,nigra,DAGChainer,B6,B6,B5,11,4403,0.9977,1.0,BcaB06g066020.3DH.1,BcaB06g066180.3DH.1,0.7098,0.7115,BcaB06g066020.3DH.1;BcaB06g066030.3DH.1;BcaB06g066050.3DH.1;BcaB06g066080.3DH.1;BcaB06g066090.3DH.1;BcaB06g066110.3DH.1;BcaB06g066120.3DH.1;BcaB06g066140.3DH.1;BcaB06g066150.3DH.1;BcaB06g066160.3DH.1;BcaB06g066180.3DH.1
Bc,nigra,DAGChainer,B7,B7,B4,5,3980,0.1324,0.1335,BcaB07g009910.3DH.1,BcaB07g009980.3DH.1,0.7708,0.7719,BcaB07g009910.3DH.1;BcaB07g009940.3DH.1;BcaB07g009960.3DH.1;BcaB07g009970.3DH.1;BcaB07g009980.3DH.1
Bc,nigra,DAGChainer,B8,B8,B2,8,4453,0.0916,0.0932,BcaB08g005450.3DH.1,BcaB08g005540.3DH.1,0.2565,0.2573,BcaB08g005450.3DH.1;BcaB08g005460.3DH.1;BcaB08g005470.3DH.1;BcaB08g005480.3DH.1;BcaB08g005510.3DH.1;BcaB08g005520.3DH.1;BcaB08g005530.3DH.1;BcaB08g005540.3DH.1
Bc,nigra,MCScanX,B2,B2,B5,13,5713,0.0,0.0021,BcaB02g000010.3DH.1,BcaB02g000160.3DH.1,0.0121,0.0132,BcaB02g000010.3DH.1;BcaB02g000020.3DH.1;BcaB02g000030.3DH.1;BcaB02g000040.3DH.1;BcaB02g000050.3DH.1;BcaB02g000090.3DH.1;BcaB02g000100.3DH.1;BcaB02g000110.3DH.1;BcaB02g000120.3DH.1;BcaB02g000130.3DH.1;BcaB02g000140.3DH.1;BcaB02g000150.3DH.1;BcaB02g000160.3DH.1
Bc,nigra,MCScanX,B3,B3,B8,5,4613,0.815,0.8159,BcaB03g058210.3DH.1,BcaB03g058260.3DH.1,0.4533,0.4546,BcaB03g058210.3DH.1;BcaB03g058220.3DH.1;BcaB03g058230.3DH.1;BcaB03g058250.3DH.1;BcaB03g058260.3DH.1
Bc,nigra,MCScanX,B4,B4,B7,33,3720,0.6402,0.6488,BcaB04g036870.3DH.1,BcaB04g037470.3DH.1,0.2841,0.2932,BcaB04g036870.3DH.1;BcaB04g036900.3DH.1;BcaB04g036910.3DH.1;BcaB04g036920.3DH.1;BcaB04g036930.3DH.1;BcaB04g037010.3DH.1;BcaB04g037030.3DH.1;BcaB04g037060.3DH.1;BcaB04g037070.3DH.1;BcaB04g037080.3DH.1;BcaB04g037170.3DH.1;BcaB04g037180.3DH.1;BcaB04g037190.3DH.1;BcaB04g037200.3DH.1;BcaB04g037210.3DH.1;BcaB04g037220.3DH.1;BcaB04g037230.3DH.1;BcaB04g037240.3DH.1;BcaB04g037290.3DH.1;BcaB04g037310.3DH.1;BcaB04g037330.3DH.1;BcaB04g037340.3DH.1;BcaB04g037350.3DH.1;BcaB04g037360.3DH.1;BcaB04g037370.3DH.1;BcaB04g037380.3DH.1;BcaB04g037410.3DH.1;BcaB04g037420.3DH.1;BcaB04g037430.3DH.1;BcaB04g037440.3DH.1;BcaB04g037450.3DH.1;BcaB04g037460.3DH.1;BcaB04g037470.3DH.1
Bc,nigra,MCScanX,B4,B4,B2,7,3720,0.7712,0.7728,BcaB04g045120.3DH.1,BcaB04g045270.3DH.1,0.4516,0.4533,BcaB04g045120.3DH.1;BcaB04g045130.3DH.1;BcaB04g045180.3DH.1;BcaB04g045190.3DH.1;BcaB04g045210.3DH.1;BcaB04g045230.3DH.1;BcaB04g045270.3DH.1
Bc,nigra,MCScanX,B4,B4,B2,7,3720,0.8255,0.8271,BcaB04g048770.3DH.1,BcaB04g048870.3DH.1,0.3052,0.3068,BcaB04g048770.3DH.1;BcaB04g048780.3DH.1;BcaB04g048790.3DH.1;BcaB04g048800.3DH.1;BcaB04g048810.3DH.1;BcaB04g048860.3DH.1;BcaB04g048870.3DH.1
Bc,nigra,MCScanX,B5,B5,B7,5,4579,0.3242,0.325,BcaB05g020990.3DH.1,BcaB05g021030.3DH.1,0.3037,0.3038,BcaB05g020990.3DH.1;BcaB05g021000.3DH.1;BcaB05g021010.3DH.1;BcaB05g021020.3DH.1;BcaB05g021030.3DH.1
Bc,nigra,MCScanX,B5,B5,B6,6,4579,0.4142,0.4152,BcaB05g027440.3DH.1,BcaB05g027510.3DH.1,0.8024,0.8052,BcaB05g027440.3DH.1;BcaB05g027450.3DH.1;BcaB05g027460.3DH.1;BcaB05g027470.3DH.1;BcaB05g027480.3DH.1;BcaB05g027510.3DH.1
Bc,nigra,MCScanX,B6,B6,B5,14,4170,0.0031,0.0062,BcaB06g001810.3DH.1,BcaB06g001960.3DH.1,0.006,0.0066,BcaB06g001810.3DH.1;BcaB06g001830.3DH.1;BcaB06g001840.3DH.1;BcaB06g001850.3DH.1;BcaB06g001860.3DH.1;BcaB06g001870.3DH.1;BcaB06g001880.3DH.1;BcaB06g001890.3DH.1;BcaB06g001910.3DH.1;BcaB06g001920.3DH.1;BcaB06g001930.3DH.1;BcaB06g001940.3DH.1;BcaB06g001950.3DH.1;BcaB06g001960.3DH.1
Bc,nigra,MCScanX,B6,B6,B5,7,4170,0.0067,0.0082,BcaB06g001980.3DH.1,BcaB06g002070.3DH.1,0.0067,0.007,BcaB06g001980.3DH.1;BcaB06g001990.3DH.1;BcaB06g002010.3DH.1;BcaB06g002020.3DH.1;BcaB06g002050.3DH.1;BcaB06g002060.3DH.1;BcaB06g002070.3DH.1
Bc,nigra,MCScanX,B6,B6,B7,11,4170,0.4258,0.4282,BcaB06g028900.3DH.1,BcaB06g029020.3DH.1,0.3033,0.3041,BcaB06g028900.3DH.1;BcaB06g028910.3DH.1;BcaB06g028920.3DH.1;BcaB06g028940.3DH.1;BcaB06g028950.3DH.1;BcaB06g028960.3DH.1;BcaB06g028970.3DH.1;BcaB06g028980.3DH.1;BcaB06g028990.3DH.1;BcaB06g029000.3DH.1;BcaB06g029020.3DH.1
Bc,nigra,MCScanX,B6,B6,B5,6,4170,0.9986,0.9998,BcaB06g066080.3DH.1,BcaB06g066160.3DH.1,0.7073,0.7091,BcaB06g066080.3DH.1;BcaB06g066110.3DH.1;BcaB06g066120.3DH.1;BcaB06g066140.3DH.1;BcaB06g066150.3DH.1;BcaB06g066160.3DH.1
Bc,nigra,MCScanX,B8,B8,B2,6,4282,0.0862,0.0874,BcaB08g005440.3DH.1,BcaB08g005540.3DH.1,0.2482,0.5836,BcaB08g005440.3DH.1;BcaB08g005450.3DH.1;BcaB08g005460.3DH.1;BcaB08g005510.3DH.1;BcaB08g005530.3DH.1;BcaB08g005540.3DH.1
Bc,nigra,MCScanX,B8,B8,B1,5,4282,0.2404,0.2413,BcaB08g015990.3DH.1,BcaB08g016040.3DH.1,0.8617,0.8619,BcaB08g015990.3DH.1;BcaB08g016010.3DH.1;BcaB08g016020.3DH.1;BcaB08g016030.3DH.1;BcaB08g016040.3DH.1
Cn,oleracea,DAGChainer,C13,C3,C6,23,5449,0.1243,0.1283,BnaC03g010480.3DH.1,BnaC03g010980.3DH.1,0.0826,0.091,BnaC03g010480.3DH.1;BnaC03g010490.3DH.1;BnaC03g010500.3DH.1;BnaC03g010510.3DH.1;BnaC03g010560.3DH.1;BnaC03g010570.3DH.1;BnaC03g010580.3DH.1;BnaC03g010600.3DH.1;BnaC03g010630.3DH.1;BnaC03g010690.3DH.1;BnaC03g010700.3DH.1;BnaC03g010710.3DH.1;BnaC03g010720.3DH.1;BnaC03g010780.3DH.1;BnaC03g010820.3DH.1;BnaC03g010860.3DH.1;BnaC03g010890.3DH.1;BnaC03g010900.3DH.1;BnaC03g010930.3DH.1;BnaC03g010940.3DH.1;BnaC03g010950.3DH.1;BnaC03g010960.3DH.1;BnaC03g010980.3DH.1
Cn,oleracea,DAGChainer,C16,C6,C7,9,2916,0.4573,0.46,BnaC06g030170.3DH.1,BnaC06g030310.3DH.1,0.5253,0.5271,BnaC06g030170.3DH.1;BnaC06g030180.3DH.1;BnaC06g030200.3DH.1;BnaC06g030210.3DH.1;BnaC06g030230.3DH.1;BnaC06g030250.3DH.1;BnaC06g030260.3DH.1;BnaC06g030270.3DH.1;BnaC06g030310.3DH.1
Cn,oleracea,DAGChainer,C18,C8,C2,18,3624,0.0649,0.0696,BnaC08g004930.3DH.1,BnaC08g005340.3DH.1,0.6694,0.6758,BnaC08g004930.3DH.1;BnaC08g004950.3DH.1;BnaC08g004990.3DH.1;BnaC08g005000.3DH.1;BnaC08g005020.3DH.1;BnaC08g005060.3DH.1;BnaC08g005100.3DH.1;BnaC08g005130.3DH.1;BnaC08g005140.3DH.1;BnaC08g005150.3DH.1;BnaC08g005180.3DH.1;BnaC08g005200.3DH.1;BnaC08g005230.3DH.1;BnaC08g005260.3DH.1;BnaC08g005280.3DH.1;BnaC08g005300.3DH.1;BnaC08g005310.3DH.1;BnaC08g005340.3DH.1
Cn,oleracea,DAGChainer,C18,C8,C2,16,3624,0.1753,0.1794,BnaC08g016330.3DH.1,BnaC08g016770.3DH.1,0.6939,0.6985,BnaC08g016330.3DH.1;BnaC08g016350.3DH.1;BnaC08g016440.3DH.1;BnaC08g016450.3DH.1;BnaC08g016470.3DH.1;BnaC08g016550.3DH.1;BnaC08g016560.3DH.1;BnaC08g016580.3DH.1;BnaC08g016640.3DH.2;BnaC08g016670.3DH.1;BnaC08g016700.3DH.1;BnaC08g016710.3DH.1;BnaC08g016720.3DH.1;BnaC08g016740.3DH.1;BnaC08g016750.3DH.1;BnaC08g016770.3DH.1
Cn,oleracea,MCScanX,N11,C1,C7,5,3197,0.5995,0.6008,BnaC01g039020.3DH.1,BnaC01g039130.3DH.1,0.1764,0.177,BnaC01g039020.3DH.1;BnaC01g039050.3DH.1;BnaC01g039060.3DH.1;BnaC01g039120.3DH.1;BnaC01g039130.3DH.1
Cn,oleracea,MCScanX,N13,C3,C6,7,5070,0.1308,0.132,BnaC03g010560.3DH.1,BnaC03g010720.3DH.1,0.1073,0.1104,BnaC03g010560.3DH.1;BnaC03g010570.3DH.1;BnaC03g010610.3DH.1;BnaC03g010690.3DH.1;BnaC03g010700.3DH.1;BnaC03g010710.3DH.1;BnaC03g010720.3DH.1
Cn,oleracea,MCScanX,N13,C3,C6,10,5070,0.1324,0.1341,BnaC03g010840.3DH.1,BnaC03g010970.3DH.1,0.1123,0.1138,BnaC03g010840.3DH.1;BnaC03g010850.3DH.1;BnaC03g010860.3DH.1;BnaC03g010890.3DH.1;BnaC03g010900.3DH.1;BnaC03g010920.3DH.1;BnaC03g010940.3DH.1;BnaC03g010950.3DH.1;BnaC03g010960.3DH.1;BnaC03g010970.3DH.1
Cn,oleracea,MCScanX,N16,C6,C7,9,2755,0.4528,0.4557,BnaC06g030170.3DH.1,BnaC06g030310.3DH.1,0.6556,0.658,BnaC06g030170.3DH.1;BnaC06g030180.3DH.1;BnaC06g030200.3DH.1;BnaC06g030210.3DH.1;BnaC06g030230.3DH.1;BnaC06g030250.3DH.1;BnaC06g030260.3DH.1;BnaC06g030270.3DH.1;BnaC06g030310.3DH.1
Cn,oleracea,MCScanX,N17,C7,C6,6,3472,0.0714,0.0729,BnaC07g006950.3DH.1,BnaC07g007040.3DH.1,0.1912,0.698,BnaC07g006950.3DH.1;BnaC07g006970.3DH.1;BnaC07g007000.3DH.1;BnaC07g007010.3DH.1;BnaC07g007020.3DH.1;BnaC07g007040.3DH.1
Cn,oleracea,MCScanX,N18,C8,C2,13,3467,0.0664,0.0698,BnaC08g004930.3DH.1,BnaC08g005340.3DH.1,0.6418,0.6816,BnaC08g004930.3DH.1;BnaC08g004950.3DH.1;BnaC08g004990.3DH.1;BnaC08g005020.3DH.1;BnaC08g005050.3DH.1;BnaC08g005090.3DH.1;BnaC08g005100.3DH.1;BnaC08g005140.3DH.1;BnaC08g005150.3DH.1;BnaC08g005200.3DH.1;BnaC08g005300.3DH.1;BnaC08g005310.3DH.1;BnaC08g005340.3DH.1
Cn,oleracea,MCScanX,N18,C8,C2,14,3467,0.1722,0.176,BnaC08g016330.3DH.1,BnaC08g016770.3DH.1,0.7107,0.7165,BnaC08g016330.3DH.1;BnaC08g016350.3DH.1;BnaC08g016440.3DH.1;BnaC08g016450.3DH.1;BnaC08g016470.3DH.1;BnaC08g016490.3DH.1;BnaC08g016560.3DH.1;BnaC08g016580.3DH.1;BnaC08g016640.3DH.1;BnaC08g016670.3DH.1;BnaC08g016710.3DH.1;BnaC08g016720.3DH.1;BnaC08g016750.3DH.1;BnaC08g016770.3DH.1
Cc,oleracea,DAGChainer,C2,C2,C4,9,3041,0.8714,0.874,BcaC02g064850.3DH.1,BcaC02g064940.3DH.1,0.8381,0.8398,BcaC02g064850.3DH.1;BcaC02g064860.3DH.1;BcaC02g064870.3DH.1;BcaC02g064880.3DH.1;BcaC02g064890.3DH.1;BcaC02g064900.3DH.1;BcaC02g064920.3DH.1;BcaC02g064930.3DH.1;BcaC02g064940.3DH.1
Cc,oleracea,DAGChainer,C4,C4,C1,5,4035,0.3537,0.3547,BcaC04g030630.3DH.1,BcaC04g030680.3DH.1,0.6068,0.6083,BcaC04g030630.3DH.1;BcaC04g030640.3DH.1;BcaC04g030660.3DH.1;BcaC04g030670.3DH.1;BcaC04g030680.3DH.1
Cc,oleracea,DAGChainer,C4,C4,C7,8,4035,0.6559,0.6577,BcaC04g059190.3DH.1,BcaC04g059320.3DH.1,0.0859,0.0875,BcaC04g059190.3DH.1;BcaC04g059230.3DH.1;BcaC04g059240.3DH.1;BcaC04g059270.3DH.1;BcaC04g059280.3DH.1;BcaC04g059290.3DH.1;BcaC04g059300.3DH.1;BcaC04g059320.3DH.1
Cc,oleracea,DAGChainer,C8,C8,C2,9,3549,0.1891,0.1914,BcaC08g017780.3DH.1,BcaC08g017960.3DH.1,0.6974,0.6991,BcaC08g017780.3DH.1;BcaC08g017820.3DH.2;BcaC08g017850.3DH.1;BcaC08g017880.3DH.1;BcaC08g017890.3DH.1;BcaC08g017900.3DH.1;BcaC08g017930.3DH.1;BcaC08g017940.3DH.1;BcaC08g017960.3DH.1
Cc,oleracea,DAGChainer,C9,C9,C8,6,4254,0.2422,0.2434,BcaC09g015920.3DH.1,BcaC09g015980.3DH.1,0.8062,0.8074,BcaC09g015920.3DH.1;BcaC09g015930.3DH.1;BcaC09g015940.3DH.1;BcaC09g015960.3DH.1;BcaC09g015970.3DH.1;BcaC09g015980.3DH.1
Cc,oleracea,DAGChainer,C9,C9,C7,5,4254,0.6243,0.6252,BcaC09g056140.3DH.1,BcaC09g056360.3DH.1,0.115,0.1162,BcaC09g056140.3DH.1;BcaC09g056310.3DH.1;BcaC09g056320.3DH.1;BcaC09g056330.3DH.1;BcaC09g056360.3DH.1
Cc,oleracea,DAGChainer,C9,C9,C3,5,4254,0.9518,0.9527,BcaC09g082180.3DH.1,BcaC09g082260.3DH.1,0.2344,0.2355,BcaC09g082180.3DH.1;BcaC09g082190.3DH.1;BcaC09g082240.3DH.1;BcaC09g082250.3DH.1;BcaC09g082260.3DH.1
Cc,oleracea,MCScanX,C2,C2,C7,6,2896,0.4142,0.4159,BcaC02g026530.3DH.1,BcaC02g026620.3DH.1,0.6393,0.6395,BcaC02g026530.3DH.1;BcaC02g026570.3DH.1;BcaC02g026590.3DH.1;BcaC02g026600.3DH.1;BcaC02g026610.3DH.1;BcaC02g026620.3DH.1
Cc,oleracea,MCScanX,C2,C2,C4,8,2896,0.8756,0.8781,BcaC02g064850.3DH.1,BcaC02g064920.3DH.1,0.8875,0.8882,BcaC02g064850.3DH.1;BcaC02g064860.3DH.1;BcaC02g064870.3DH.1;BcaC02g064880.3DH.1;BcaC02g064890.3DH.1;BcaC02g064900.3DH.1;BcaC02g064910.3DH.1;BcaC02g064920.3DH.1
Cc,oleracea,MCScanX,C4,C4,C7,7,3870,0.6549,0.6565,BcaC04g059230.3DH.1,BcaC04g059320.3DH.1,0.1177,0.119,BcaC04g059230.3DH.1;BcaC04g059240.3DH.1;BcaC04g059270.3DH.1;BcaC04g059280.3DH.1;BcaC04g059290.3DH.1;BcaC04g059300.3DH.1;BcaC04g059320.3DH.1
Cc,oleracea,MCScanX,C8,C8,C2,7,3314,0.1805,0.1823,BcaC08g017780.3DH.1,BcaC08g017960.3DH.1,0.7134,0.7159,BcaC08g017780.3DH.1;BcaC08g017820.3DH.1;BcaC08g017850.3DH.1;BcaC08g017890.3DH.1;BcaC08g017900.3DH.1;BcaC08g017940.3DH.1;BcaC08g017960.3DH.1
