subgenome,block_set,allo_chr,partner_chr,genes,genes_off_partner
An,DAGChainer,A1,A01,3101,0
An,DAGChainer,A10,A10,2353,0
An,DAGChainer,A2,A02,3220,20
An,DAGChainer,A3,A03,4729,9
An,DAGChainer,A4,A04,2259,11
An,DAGChainer,A5,A05,2967,0
An,DAGChainer,A6,A06,3251,0
An,DAGChainer,A7,A07,3065,6
An,DAGChainer,A8,A08,2543,1
An,DAGChainer,A9,A09,4596,6
An,MCScanX,N1,A01,2744,109
An,MCScanX,N10,A10,2116,84
An,MCScanX,N2,A02,2904,125
An,MCScanX,N3,A03,4215,193
An,MCScanX,N4,A04,1999,76
An,MCScanX,N5,A05,2700,106
An,MCScanX,N6,A06,2980,94
An,MCScanX,N7,A07,2723,89
An,MCScanX,N8,A08,2247,104
An,MCScanX,N9,A09,4176,193
Aj,DAGChainer,A01,A01,3164,33
Aj,DAGChainer,A02,A02,3278,0
Aj,DAGChainer,A03,A03,4887,14
Aj,DAGChainer,A04,A04,2370,56
Aj,DAGChainer,A05,A05,2944,13
Aj,DAGChainer,A06,A06,3204,0
Aj,DAGChainer,A07,A07,3125,5
Aj,DAGChainer,A08,A08,2654,62
Aj,DAGChainer,A09,A09,4655,22
Aj,DAGChainer,A10,A10,2387,0
Aj,MCScanX,A01,A01,2823,148
Aj,MCScanX,A02,A02,2919,127
Aj,MCScanX,A03,A03,4431,195
Aj,MCScanX,A04,A04,2138,131
Aj,MCScanX,A05,A05,2716,134
Aj,MCScanX,A06,A06,2903,107
Aj,MCScanX,A07,A07,2819,129
Aj,MCScanX,A08,A08,2343,179
Aj,MCScanX,A09,A09,4242,214
Aj,MCScanX,A10,A10,2173,92
Bj,DAGChainer,B01,B1,3907,46
Bj,DAGChainer,B02,B2,6351,22
Bj,DAGChainer,B03,B3,4884,23
Bj,DAGChainer,B04,B4,4231,47
Bj,DAGChainer,B05,B5,4940,33
Bj,DAGChainer,B06,B6,4599,74
Bj,DAGChainer,B07,B7,3960,48
Bj,DAGChainer,B08,B8,4785,5
Bj,MCScanX,B01,B1,3671,228
Bj,MCScanX,B02,B2,5821,301
Bj,MCScanX,B03,B3,4556,218
Bj,MCScanX,B04,B4,4073,267
Bj,MCScanX,B05,B5,4649,310
Bj,MCScanX,B06,B6,4305,296
Bj,MCScanX,B07,B7,3752,226
Bj,MCScanX,B08,B8,4443,241
Bc,DAGChainer,B1,B1,3811,17
Bc,DAGChainer,B2,B2,6126,8
Bc,DAGChainer,B3,B3,4931,29
Bc,DAGChainer,B4,B4,3805,53
Bc,DAGChainer,B5,B5,4785,20
Bc,DAGChainer,B6,B6,4403,50
Bc,DAGChainer,B7,B7,3980,45
Bc,DAGChainer,B8,B8,4453,27
Bc,MCScanX,B1,B1,3564,246
Bc,MCScanX,B2,B2,5713,280
Bc,MCScanX,B3,B3,4613,217
Bc,MCScanX,B4,B4,3720,229
Bc,MCScanX,B5,B5,4579,312
Bc,MCScanX,B6,B6,4170,250
Bc,MCScanX,B7,B7,3768,222
Bc,MCScanX,B8,B8,4282,267
Cn,DAGChainer,C11,C1,3371,7
Cn,DAGChainer,C12,C2,3140,0
Cn,DAGChainer,C13,C3,5449,23
Cn,DAGChainer,C14,C4,3855,0
Cn,DAGChainer,C15,C5,3643,0
Cn,DAGChainer,C16,C6,2916,9
Cn,DAGChainer,C17,C7,3661,7
Cn,DAGChainer,C18,C8,3624,34
Cn,DAGChainer,C19,C9,4002,18
Cn,MCScanX,N11,C1,3197,138
Cn,MCScanX,N12,C2,2829,149
Cn,MCScanX,N13,C3,5070,228
Cn,MCScanX,N14,C4,3742,206
Cn,MCScanX,N15,C5,3513,172
Cn,MCScanX,N16,C6,2755,132
Cn,MCScanX,N17,C7,3472,137
Cn,MCScanX,N18,C8,3467,184
Cn,MCScanX,N19,C9,3779,184
Cc,DAGChainer,C1,C1,3445,0
Cc,DAGChainer,C2,C2,3041,9
Cc,DAGChainer,C3,C3,5465,0
Cc,DAGChainer,C4,C4,4035,18
Cc,DAGChainer,C5,C5,3812,0
Cc,DAGChainer,C6,C6,2994,7
Cc,DAGChainer,C7,C7,3723,2
Cc,DAGChainer,C8,C8,3549,26
Cc,DAGChainer,C9,C9,4254,34
Cc,MCScanX,C1,C1,3326,163
Cc,MCScanX,C2,C2,2896,178
Cc,MCScanX,C3,C3,5094,212
Cc,MCScanX,C4,C4,3870,217
Cc,MCScanX,C5,C5,3747,209
Cc,MCScanX,C6,C6,2840,129
Cc,MCScanX,C7,C7,3550,164
Cc,MCScanX,C8,C8,3314,163
Cc,MCScanX,C9,C9,4089,201
