setting,An,Aj,Bj,Bc,Cn,Cc
reported,0.382,0.328,0.375,0.355,0.434,0.448
prog maxgap=9 strict=False agg=mean id=90-100,0.4210,0.3746,0.4025,0.3944,0.4297,0.4469
prog maxgap=9 strict=False agg=mean id=91-100,0.3966,0.3515,0.3893,0.3713,0.4120,0.4308
prog maxgap=9 strict=False agg=mean id=92-100,0.3773,0.3413,0.3737,0.3556,0.4090,0.4219
prog maxgap=9 strict=False agg=mean id=93-100,0.3611,0.3269,0.3597,0.3487,0.4113,0.4133
prog maxgap=9 strict=False agg=pooled id=90-100,0.2847,0.2727,0.3222,0.3242,0.3674,0.3580
prog maxgap=9 strict=False agg=pooled id=91-100,0.2832,0.2705,0.3202,0.3207,0.3649,0.3556
prog maxgap=9 strict=False agg=pooled id=92-100,0.2819,0.2698,0.3179,0.3184,0.3646,0.3542
prog maxgap=9 strict=False agg=pooled id=93-100,0.2808,0.2686,0.3164,0.3177,0.3645,0.3534
prog maxgap=9 strict=True agg=mean id=90-100,0.4149,0.3664,0.3861,0.3785,0.4155,0.4247
prog maxgap=9 strict=True agg=mean id=91-100,0.3899,0.3425,0.3740,0.3560,0.3992,0.4096
prog maxgap=9 strict=True agg=mean id=92-100,0.3707,0.3317,0.3620,0.3407,0.3969,0.4009
prog maxgap=9 strict=True agg=mean id=93-100,0.3541,0.3169,0.3492,0.3345,0.3990,0.3921
prog maxgap=9 strict=True agg=pooled id=90-100,0.2805,0.2692,0.3154,0.3178,0.3614,0.3516
prog maxgap=9 strict=True agg=pooled id=91-100,0.2790,0.2670,0.3137,0.3148,0.3592,0.3495
prog maxgap=9 strict=True agg=pooled id=92-100,0.2779,0.2663,0.3117,0.3128,0.3589,0.3482
prog maxgap=9 strict=True agg=pooled id=93-100,0.2767,0.2650,0.3104,0.3123,0.3588,0.3475
prog maxgap=10 strict=False agg=mean id=90-100,0.4295,0.3823,0.4113,0.4036,0.4401,0.4572
prog maxgap=10 strict=False agg=mean id=91-100,0.4026,0.3600,0.3975,0.3776,0.4209,0.4418
prog maxgap=10 strict=False agg=mean id=92-100,0.3812,0.3451,0.3814,0.3612,0.4180,0.4329
prog maxgap=10 strict=False agg=mean id=93-100,0.3652,0.3302,0.3638,0.3541,0.4177,0.4217
prog maxgap=10 strict=False agg=pooled id=90-100,0.2871,0.2746,0.3259,0.3287,0.3714,0.3619
prog maxgap=10 strict=False agg=pooled id=91-100,0.2853,0.2725,0.3237,0.3247,0.3689,0.3595
prog maxgap=10 strict=False agg=pooled id=92-100,0.2835,0.2715,0.3214,0.3223,0.3685,0.3579
prog maxgap=10 strict=False agg=pooled id=93-100,0.2824,0.2701,0.3196,0.3215,0.3683,0.3568
prog maxgap=10 strict=True agg=mean id=90-100,0.4210,0.3746,0.4025,0.3944,0.4297,0.4469
prog maxgap=10 strict=True agg=mean id=91-100,0.3966,0.3515,0.3893,0.3713,0.4120,0.4308
prog maxgap=10 strict=True agg=mean id=92-100,0.3773,0.3413,0.3737,0.3556,0.4090,0.4219
prog maxgap=10 strict=True agg=mean id=93-100,0.3611,0.3269,0.3597,0.3487,0.4113,0.4133
prog maxgap=10 strict=True agg=pooled id=90-100,0.2847,0.2727,0.3222,0.3242,0.3674,0.3580
prog maxgap=10 strict=True agg=pooled id=91-100,0.2832,0.2705,0.3202,0.3207,0.3649,0.3556
prog maxgap=10 strict=True agg=pooled id=92-100,0.2819,0.2698,0.3179,0.3184,0.3646,0.3542
prog maxgap=10 strict=True agg=pooled id=93-100,0.2808,0.2686,0.3164,0.3177,0.3645,0.3534
prog maxgap=11 strict=False agg=mean id=90-100,0.4354,0.3958,0.4152,0.4083,0.4483,0.4680
prog maxgap=11 strict=False agg=mean id=91-100,0.4078,0.3743,0.4017,0.3821,0.4287,0.4519
prog maxgap=11 strict=False agg=mean id=92-100,0.3868,0.3603,0.3845,0.3656,0.4260,0.4435
prog maxgap=11 strict=False agg=mean id=93-100,0.3711,0.3461,0.3666,0.3587,0.4259,0.4293
prog maxgap=11 strict=False agg=pooled id=90-100,0.2885,0.2769,0.3295,0.3315,0.3751,0.3649
prog maxgap=11 strict=False agg=pooled id=91-100,0.2865,0.2746,0.3273,0.3273,0.3724,0.3621
prog maxgap=11 strict=False agg=pooled id=92-100,0.2848,0.2736,0.3246,0.3248,0.3720,0.3606
prog maxgap=11 strict=False agg=pooled id=93-100,0.2836,0.2722,0.3227,0.3240,0.3718,0.3590
prog maxgap=11 strict=True agg=mean id=90-100,0.4295,0.3823,0.4113,0.4036,0.4401,0.4572
prog maxgap=11 strict=True agg=mean id=91-100,0.4026,0.3600,0.3975,0.3776,0.4209,0.4418
prog maxgap=11 strict=True agg=mean id=92-100,0.3812,0.3451,0.3814,0.3612,0.4180,0.4329
prog maxgap=11 strict=True agg=mean id=93-100,0.3652,0.3302,0.3638,0.3541,0.4177,0.4217
prog maxgap=11 strict=True agg=pooled id=90-100,0.2871,0.2746,0.3259,0.3287,0.3714,0.3619
prog maxgap=11 strict=True agg=pooled id=91-100,0.2853,0.2725,0.3237,0.3247,0.3689,0.3595
prog maxgap=11 strict=True agg=pooled id=92-100,0.2835,0.2715,0.3214,0.3223,0.3685,0.3579
prog maxgap=11 strict=True agg=pooled id=93-100,0.2824,0.2701,0.3196,0.3215,0.3683,0.3568
