species,retained,chrom,anchors,first_gene,dose
carinata,Bca_B,B1,8,BcaB01g000020.3DH.1,0.3
carinata,Bca_B,B1,10,BcaB01g000160.3DH.1,0.01
carinata,Bca_B,B1,9,BcaB01g001180.3DH.1,0.23
carinata,Bca_B,B1,19,BcaB01g001400.3DH.1,0.12
carinata,Bca_B,B1,11,BcaB01g001790.3DH.1,0.34
carinata,Bca_B,B1,15,BcaB01g002030.3DH.1,1.82
carinata,Bca_B,B1,6,BcaB01g002510.3DH.1,0.06
carinata,Bca_B,B1,10,BcaB01g002720.3DH.1,0.56
carinata,Bca_B,B1,7,BcaB01g003360.3DH.1,8.95
carinata,Bca_B,B1,18,BcaB01g003490.3DH.1,0.77
carinata,Bca_B,B1,7,BcaB01g003870.3DH.1,1.84
carinata,Bca_B,B1,6,BcaB01g007520.3DH.1,0.0
carinata,Bca_B,B1,5,BcaB01g010810.3DH.1,0.73
carinata,Bca_B,B1,12,BcaB01g011580.3DH.1,0.19
carinata,Bca_B,B1,11,BcaB01g012450.3DH.1,0.55
carinata,Bca_B,B1,7,BcaB01g014580.3DH.1,0.2
carinata,Bca_B,B1,5,BcaB01g015080.3DH.1,1.33
carinata,Bca_B,B1,9,BcaB01g017080.3DH.1,1.69
carinata,Bca_B,B1,5,BcaB01g017850.3DH.1,2.61
carinata,Bca_B,B1,12,BcaB01g018310.3DH.1,1.51
carinata,Bca_B,B1,9,BcaB01g033450.3DH.1,1.05
carinata,Bca_B,B1,6,BcaB01g035140.3DH.1,0.83
carinata,Bca_B,B1,5,BcaB01g037280.3DH.1,0.85
carinata,Bca_B,B1,7,BcaB01g042970.3DH.1,0.12
carinata,Bca_B,B1,5,BcaB01g043470.3DH.1,0.8
carinata,Bca_B,B1,15,BcaB01g043740.3DH.1,0.63
carinata,Bca_B,B1,28,BcaB01g044090.3DH.1,0.79
carinata,Bca_B,B1,5,BcaB01g044770.3DH.1,0.75
carinata,Bca_B,B1,8,BcaB01g044880.3DH.1,0.57
carinata,Bca_B,B1,8,BcaB01g045080.3DH.1,0.26
carinata,Bca_B,B1,24,BcaB01g045510.3DH.1,0.78
carinata,Bca_B,B1,6,BcaB01g048500.3DH.1,0.67
carinata,Bca_B,B1,7,BcaB01g048680.3DH.1,1.06
carinata,Bca_B,B1,5,BcaB01g048850.3DH.1,0.68
carinata,Bca_B,B1,12,BcaB01g049000.3DH.1,0.19
carinata,Bca_B,B1,11,BcaB01g049430.3DH.1,1.01
carinata,Bca_B,B1,5,BcaB01g051920.3DH.1,7.75
carinata,Bca_B,B1,9,BcaB01g056780.3DH.1,3.28
carinata,Bca_B,B2,12,BcaB02g001300.3DH.1,1.46
carinata,Bca_B,B2,5,BcaB02g002450.3DH.1,2.13
carinata,Bca_B,B2,9,BcaB02g002570.3DH.1,0.85
carinata,Bca_B,B2,7,BcaB02g003520.3DH.1,0.14
carinata,Bca_B,B2,7,BcaB02g004770.3DH.1,0.99
carinata,Bca_B,B2,6,BcaB02g005380.3DH.1,1.4
carinata,Bca_B,B2,8,BcaB02g010010.3DH.1,2.23
carinata,Bca_B,B2,25,BcaB02g011620.3DH.1,1.65
carinata,Bca_B,B2,5,BcaB02g013410.3DH.1,3.45
carinata,Bca_B,B2,10,BcaB02g013890.3DH.1,2.16
carinata,Bca_B,B2,13,BcaB02g022210.3DH.1,0.82
carinata,Bca_B,B2,18,BcaB02g023160.3DH.1,1.03
carinata,Bca_B,B2,8,BcaB02g027720.3DH.1,0.8
carinata,Bca_B,B2,5,BcaB02g036400.3DH.1,0.21
carinata,Bca_B,B2,6,BcaB02g049950.3DH.1,13.64
carinata,Bca_B,B2,9,BcaB02g050060.3DH.1,3.3
carinata,Bca_B,B2,7,BcaB02g050530.3DH.1,0.01
carinata,Bca_B,B2,5,BcaB02g051260.3DH.1,0.48
carinata,Bca_B,B2,9,BcaB02g053440.3DH.1,0.01
carinata,Bca_B,B2,6,BcaB02g054130.3DH.1,1.4
carinata,Bca_B,B2,5,BcaB02g056780.3DH.1,0.47
carinata,Bca_B,B2,7,BcaB02g056910.3DH.1,1.39
carinata,Bca_B,B2,61,BcaB02g057580.3DH.1,1.05
carinata,Bca_B,B2,10,BcaB02g058540.3DH.1,0.02
carinata,Bca_B,B2,5,BcaB02g059090.3DH.1,1.37
carinata,Bca_B,B2,6,BcaB02g061090.3DH.1,1.96
carinata,Bca_B,B2,8,BcaB02g064080.3DH.1,0.12
carinata,Bca_B,B2,6,BcaB02g064800.3DH.1,0.98
carinata,Bca_B,B2,9,BcaB02g070560.3DH.1,0.57
carinata,Bca_B,B2,7,BcaB02g073510.3DH.1,1.63
carinata,Bca_B,B2,16,BcaB02g073950.3DH.1,0.65
carinata,Bca_B,B2,10,BcaB02g074280.3DH.1,2.56
carinata,Bca_B,B2,8,BcaB02g078790.3DH.1,1.53
carinata,Bca_B,B2,9,BcaB02g084340.3DH.1,1.68
carinata,Bca_B,B2,5,BcaB02g089080.3DH.1,1.19
carinata,Bca_B,B2,7,BcaB02g089290.3DH.1,0.73
carinata,Bca_B,B2,17,BcaB02g090170.3DH.1,0.19
carinata,Bca_B,B3,17,BcaB03g000390.3DH.1,1.15
carinata,Bca_B,B3,14,BcaB03g001030.3DH.1,0.98
carinata,Bca_B,B3,5,BcaB03g001390.3DH.1,2.86
carinata,Bca_B,B3,19,BcaB03g001520.3DH.1,0.79
carinata,Bca_B,B3,6,BcaB03g004210.3DH.1,1.94
carinata,Bca_B,B3,6,BcaB03g005870.3DH.1,0.63
carinata,Bca_B,B3,10,BcaB03g008900.3DH.1,4.32
carinata,Bca_B,B3,6,BcaB03g011600.3DH.1,0.45
carinata,Bca_B,B3,8,BcaB03g011800.3DH.1,1.07
carinata,Bca_B,B3,15,BcaB03g016230.3DH.1,0.39
carinata,Bca_B,B3,8,BcaB03g018620.3DH.1,3.19
carinata,Bca_B,B3,5,BcaB03g019270.3DH.1,4.14
carinata,Bca_B,B3,5,BcaB03g020020.3DH.1,8.64
carinata,Bca_B,B3,7,BcaB03g020750.3DH.1,3.73
carinata,Bca_B,B3,11,BcaB03g022010.3DH.1,8.31
carinata,Bca_B,B3,8,BcaB03g024720.3DH.1,3.04
carinata,Bca_B,B3,9,BcaB03g025050.3DH.1,1.06
carinata,Bca_B,B3,12,BcaB03g026270.3DH.1,0.7
carinata,Bca_B,B3,12,BcaB03g026600.3DH.1,0.95
carinata,Bca_B,B3,5,BcaB03g033830.3DH.1,2.85
carinata,Bca_B,B3,5,BcaB03g034180.3DH.1,1.66
carinata,Bca_B,B3,6,BcaB03g036110.3DH.1,0.78
carinata,Bca_B,B3,5,BcaB03g036790.3DH.1,2.09
carinata,Bca_B,B3,5,BcaB03g037280.3DH.1,0.52
carinata,Bca_B,B3,17,BcaB03g043160.3DH.1,3.6
carinata,Bca_B,B3,5,BcaB03g046390.3DH.1,1.35
carinata,Bca_B,B3,6,BcaB03g047680.3DH.1,0.78
carinata,Bca_B,B3,5,BcaB03g055800.3DH.1,1.11
carinata,Bca_B,B3,6,BcaB03g059610.3DH.1,1.5
carinata,Bca_B,B4,6,BcaB04g008260.3DH.1,2.77
carinata,Bca_B,B4,32,BcaB04g008360.3DH.1,0.99
carinata,Bca_B,B4,5,BcaB04g009300.3DH.1,1.44
carinata,Bca_B,B4,9,BcaB04g011670.3DH.1,1.44
carinata,Bca_B,B4,5,BcaB04g011820.3DH.1,0.77
carinata,Bca_B,B4,5,BcaB04g012530.3DH.1,2.32
carinata,Bca_B,B4,14,BcaB04g013610.3DH.1,0.59
carinata,Bca_B,B4,38,BcaB04g013880.3DH.1,0.55
carinata,Bca_B,B4,15,BcaB04g014790.3DH.1,0.28
carinata,Bca_B,B4,8,BcaB04g015170.3DH.1,0.21
carinata,Bca_B,B4,5,BcaB04g016560.3DH.1,0.74
carinata,Bca_B,B4,8,BcaB04g016690.3DH.1,0.29
carinata,Bca_B,B4,11,BcaB04g016980.3DH.1,0.7
carinata,Bca_B,B4,7,BcaB04g017230.3DH.1,1.14
carinata,Bca_B,B4,20,BcaB04g018720.3DH.1,4.19
carinata,Bca_B,B4,6,BcaB04g019180.3DH.1,21.07
carinata,Bca_B,B4,9,BcaB04g033360.3DH.1,0.78
carinata,Bca_B,B4,5,BcaB04g052720.3DH.1,1.69
carinata,Bca_B,B4,5,BcaB04g053360.3DH.1,1.76
carinata,Bca_B,B4,5,BcaB04g055100.3DH.1,0.73
carinata,Bca_B,B4,5,BcaB04g056570.3DH.1,0.57
carinata,Bca_B,B4,6,BcaB04g058100.3DH.1,1.05
carinata,Bca_B,B4,7,BcaB04g058550.3DH.1,0.93
carinata,Bca_B,B4,7,BcaB04g059160.3DH.1,5.5
carinata,Bca_B,B5,11,BcaB05g000020.3DH.1,1.02
carinata,Bca_B,B5,5,BcaB05g000450.3DH.1,1.04
carinata,Bca_B,B5,6,BcaB05g000620.3DH.1,0.83
carinata,Bca_B,B5,18,BcaB05g008050.3DH.1,0.01
carinata,Bca_B,B5,11,BcaB05g022640.3DH.1,0.92
carinata,Bca_B,B5,16,BcaB05g022970.3DH.1,1.24
carinata,Bca_B,B5,12,BcaB05g023390.3DH.1,0.98
carinata,Bca_B,B5,9,BcaB05g023980.3DH.1,1.29
carinata,Bca_B,B5,10,BcaB05g024310.3DH.1,1.37
carinata,Bca_B,B5,7,BcaB05g024640.3DH.1,0.69
carinata,Bca_B,B5,6,BcaB05g024870.3DH.1,0.51
carinata,Bca_B,B5,5,BcaB05g025020.3DH.1,2.07
carinata,Bca_B,B5,8,BcaB05g026760.3DH.1,2.22
carinata,Bca_B,B5,9,BcaB05g027680.3DH.1,2.18
carinata,Bca_B,B5,17,BcaB05g027850.3DH.1,0.73
carinata,Bca_B,B5,9,BcaB05g028940.3DH.1,1.36
carinata,Bca_B,B5,5,BcaB05g029300.3DH.1,1.77
carinata,Bca_B,B5,6,BcaB05g030240.3DH.1,0.22
carinata,Bca_B,B5,6,BcaB05g030440.3DH.1,2.27
carinata,Bca_B,B5,9,BcaB05g030640.3DH.1,0.34
carinata,Bca_B,B5,6,BcaB05g031730.3DH.1,1.03
carinata,Bca_B,B5,9,BcaB05g033040.3DH.1,0.67
carinata,Bca_B,B5,5,BcaB05g037500.3DH.1,3.52
carinata,Bca_B,B5,8,BcaB05g038610.3DH.1,0.55
carinata,Bca_B,B5,5,BcaB05g040840.3DH.1,1.86
carinata,Bca_B,B5,5,BcaB05g042360.3DH.1,0.67
carinata,Bca_B,B5,6,BcaB05g045340.3DH.1,0.57
carinata,Bca_B,B5,8,BcaB05g045820.3DH.1,2.83
carinata,Bca_B,B5,8,BcaB05g047860.3DH.1,0.36
carinata,Bca_B,B5,75,BcaB05g048310.3DH.1,0.72
carinata,Bca_B,B5,5,BcaB05g053790.3DH.1,0.59
carinata,Bca_B,B5,10,BcaB05g054590.3DH.1,1.36
carinata,Bca_B,B5,5,BcaB05g055150.3DH.1,0.0
carinata,Bca_B,B5,11,BcaB05g057910.3DH.1,0.02
carinata,Bca_B,B5,5,BcaB05g058640.3DH.1,0.1
carinata,Bca_B,B5,10,BcaB05g058860.3DH.1,1.34
carinata,Bca_B,B5,15,BcaB05g060950.3DH.1,0.91
carinata,Bca_B,B5,10,BcaB05g064760.3DH.1,0.82
carinata,Bca_B,B5,7,BcaB05g066880.3DH.1,2.2
carinata,Bca_B,B5,10,BcaB05g070800.3DH.1,1.69
carinata,Bca_B,B5,7,BcaB05g072460.3DH.1,1.91
carinata,Bca_B,B5,5,BcaB05g075750.3DH.1,9.56
carinata,Bca_B,B5,5,BcaB05g077630.3DH.1,1.66
carinata,Bca_B,B6,6,BcaB06g000580.3DH.1,1.8
carinata,Bca_B,B6,11,BcaB06g001950.3DH.1,0.5
carinata,Bca_B,B6,6,BcaB06g002300.3DH.1,4.88
carinata,Bca_B,B6,7,BcaB06g002530.3DH.1,0.99
carinata,Bca_B,B6,6,BcaB06g002950.3DH.1,0.0
carinata,Bca_B,B6,22,BcaB06g012830.3DH.1,0.11
carinata,Bca_B,B6,9,BcaB06g022410.3DH.1,0.5
carinata,Bca_B,B6,6,BcaB06g026800.3DH.1,0.79
carinata,Bca_B,B6,6,BcaB06g027840.3DH.1,1.93
carinata,Bca_B,B6,22,BcaB06g028100.3DH.1,1.25
carinata,Bca_B,B6,24,BcaB06g029380.3DH.1,0.38
carinata,Bca_B,B6,11,BcaB06g030900.3DH.1,1.46
carinata,Bca_B,B6,6,BcaB06g032010.3DH.1,0.78
carinata,Bca_B,B6,10,BcaB06g033550.3DH.1,0.51
carinata,Bca_B,B6,8,BcaB06g047440.3DH.1,4.95
carinata,Bca_B,B6,6,BcaB06g047850.3DH.1,0.91
carinata,Bca_B,B6,10,BcaB06g048250.3DH.1,1.11
carinata,Bca_B,B6,19,BcaB06g049230.3DH.1,8.76
carinata,Bca_B,B6,6,BcaB06g062180.3DH.1,1.19
carinata,Bca_B,B6,6,BcaB06g062330.3DH.1,0.91
carinata,Bca_B,B6,11,BcaB06g063120.3DH.1,1.07
carinata,Bca_B,B6,6,BcaB06g063330.3DH.1,0.7
carinata,Bca_B,B6,11,BcaB06g063430.3DH.1,1.64
carinata,Bca_B,B7,26,BcaB07g002030.3DH.1,1.09
carinata,Bca_B,B7,9,BcaB07g006040.3DH.1,0.22
carinata,Bca_B,B7,7,BcaB07g015570.3DH.1,1.45
carinata,Bca_B,B7,11,BcaB07g017120.3DH.1,0.89
carinata,Bca_B,B7,8,BcaB07g017670.3DH.1,2.02
carinata,Bca_B,B7,8,BcaB07g018300.3DH.1,1.82
carinata,Bca_B,B7,6,BcaB07g027620.3DH.1,0.47
carinata,Bca_B,B7,9,BcaB07g033070.3DH.1,0.9
carinata,Bca_B,B7,9,BcaB07g034200.3DH.1,2.29
carinata,Bca_B,B7,7,BcaB07g034880.3DH.1,1.37
carinata,Bca_B,B7,7,BcaB07g036120.3DH.1,1.18
carinata,Bca_B,B7,6,BcaB07g046420.3DH.1,1.68
carinata,Bca_B,B7,7,BcaB07g049500.3DH.1,1.02
carinata,Bca_B,B7,9,BcaB07g050490.3DH.1,0.8
carinata,Bca_B,B7,8,BcaB07g050770.3DH.1,1.52
carinata,Bca_B,B7,6,BcaB07g051070.3DH.1,3.41
carinata,Bca_B,B7,5,BcaB07g051420.3DH.1,1.14
carinata,Bca_B,B7,5,BcaB07g054840.3DH.1,1.2
carinata,Bca_B,B7,8,BcaB07g057760.3DH.1,2.11
carinata,Bca_B,B7,7,BcaB07g058260.3DH.1,1.4
carinata,Bca_B,B7,8,BcaB07g058380.3DH.1,1.06
carinata,Bca_B,B7,8,BcaB07g058800.3DH.1,1.14
carinata,Bca_B,B7,5,BcaB07g059010.3DH.1,0.68
carinata,Bca_B,B7,8,BcaB07g061950.3DH.1,0.52
carinata,Bca_B,B8,5,BcaB08g000010.3DH.1,61.16
carinata,Bca_B,B8,5,BcaB08g000230.3DH.1,2.48
carinata,Bca_B,B8,5,BcaB08g005420.3DH.1,17.39
carinata,Bca_B,B8,6,BcaB08g008840.3DH.1,0.91
carinata,Bca_B,B8,8,BcaB08g009080.3DH.1,1.6
carinata,Bca_B,B8,6,BcaB08g009440.3DH.1,0.65
carinata,Bca_B,B8,5,BcaB08g009580.3DH.1,1.3
carinata,Bca_B,B8,10,BcaB08g009880.3DH.1,0.98
carinata,Bca_B,B8,7,BcaB08g012560.3DH.1,0.0
carinata,Bca_B,B8,18,BcaB08g012750.3DH.1,1.59
carinata,Bca_B,B8,11,BcaB08g013890.3DH.1,0.6
carinata,Bca_B,B8,22,BcaB08g014360.3DH.1,1.12
carinata,Bca_B,B8,8,BcaB08g014950.3DH.1,0.0
carinata,Bca_B,B8,5,BcaB08g015300.3DH.1,0.51
carinata,Bca_B,B8,6,BcaB08g015730.3DH.1,1.63
carinata,Bca_B,B8,5,BcaB08g016370.3DH.1,0.61
carinata,Bca_B,B8,17,BcaB08g016890.3DH.1,0.88
carinata,Bca_B,B8,5,BcaB08g017290.3DH.1,1.19
carinata,Bca_B,B8,6,BcaB08g018630.3DH.1,0.0
carinata,Bca_B,B8,6,BcaB08g020310.3DH.1,2.31
carinata,Bca_B,B8,5,BcaB08g020430.3DH.1,1.12
carinata,Bca_B,B8,61,BcaB08g020890.3DH.1,0.98
carinata,Bca_B,B8,25,BcaB08g021960.3DH.1,0.99
carinata,Bca_B,B8,142,BcaB08g022390.3DH.1,1.35
carinata,Bca_B,B8,7,BcaB08g026430.3DH.1,0.94
carinata,Bca_B,B8,8,BcaB08g026570.3DH.1,0.81
carinata,Bca_B,B8,15,BcaB08g026930.3DH.1,1.9
carinata,Bca_B,B8,21,BcaB08g029860.3DH.1,2.69
carinata,Bca_B,B8,16,BcaB08g033960.3DH.1,1.62
carinata,Bca_B,B8,11,BcaB08g037560.3DH.1,0.0
carinata,Bca_B,B8,10,BcaB08g040130.3DH.1,0.91
carinata,Bca_B,B8,8,BcaB08g051500.3DH.1,1.39
carinata,Bca_B,B8,7,BcaB08g052280.3DH.1,0.92
carinata,Bca_B,B8,9,BcaB08g062880.3DH.1,0.92
carinata,Bca_B,B8,7,BcaB08g063630.3DH.1,0.53
carinata,Bca_B,B8,7,BcaB08g063880.3DH.1,1.57
carinata,Bca_B,B8,20,BcaB08g064060.3DH.1,0.89
carinata,Bca_B,B8,5,BcaB08g064400.3DH.1,0.44
carinata,Bca_B,B8,20,BcaB08g064570.3DH.1,1.41
carinata,Bca_B,Scaffold00095,12,BcaS00095g0340.3DH.1,1.48
carinata,Bca_B,Scaffold00095,5,BcaS00095g3750.3DH.1,0.53
carinata,Bca_B,Scaffold00098,65,BcaS00098g3680.3DH.1,1.29
carinata,Bca_B,Scaffold00147,8,BcaS00147g1990.3DH.1,2.0
carinata,Bca_B,Scaffold00149,28,BcaS00149g0010.3DH.1,1.72
carinata,Bca_B,Scaffold00149,72,BcaS00149g1030.3DH.1,0.96
carinata,Bca_B,Scaffold00362,5,BcaS00362g0320.3DH.1,2.16
carinata,Bca_B,Scaffold00607,8,BcaS00607g0030.3DH.1,0.1
carinata,Bca_B,Scaffold00912,24,BcaS00912g0120.3DH.1,0.18
carinata,Bca_B,Scaffold01222,6,BcaS01222g0020.3DH.1,0.85
carinata,Bca_C,C1,9,BcaC01g000480.3DH.1,4.97
carinata,Bca_C,C1,16,BcaC01g001790.3DH.1,0.66
carinata,Bca_C,C1,10,BcaC01g010610.3DH.1,2.1
carinata,Bca_C,C1,6,BcaC01g032110.3DH.1,1.16
carinata,Bca_C,C1,20,BcaC01g032730.3DH.1,0.99
carinata,Bca_C,C1,9,BcaC01g035050.3DH.1,0.78
carinata,Bca_C,C1,11,BcaC01g035510.3DH.1,0.94
carinata,Bca_C,C1,12,BcaC01g036380.3DH.1,1.07
carinata,Bca_C,C1,12,BcaC01g036990.3DH.1,1.54
carinata,Bca_C,C1,5,BcaC01g038050.3DH.1,1.02
carinata,Bca_C,C1,5,BcaC01g038270.3DH.1,1.26
carinata,Bca_C,C1,7,BcaC01g046700.3DH.1,1.49
carinata,Bca_C,C1,7,BcaC01g049750.3DH.1,1.98
carinata,Bca_C,C1,5,BcaC01g060110.3DH.1,0.04
carinata,Bca_C,C1,5,BcaC01g060550.3DH.1,1.01
carinata,Bca_C,C1,8,BcaC01g061810.3DH.1,0.51
carinata,Bca_C,C1,5,BcaC01g063720.3DH.1,0.17
carinata,Bca_C,C1,17,BcaC01g064750.3DH.1,0.99
carinata,Bca_C,C1,6,BcaC01g065420.3DH.1,0.56
carinata,Bca_C,C1,38,BcaC01g065670.3DH.1,0.78
carinata,Bca_C,C1,9,BcaC01g066760.3DH.1,0.74
carinata,Bca_C,C1,8,BcaC01g067510.3DH.1,2.71
carinata,Bca_C,C1,5,BcaC01g067780.3DH.1,8.2
carinata,Bca_C,C2,5,BcaC02g000990.3DH.1,1.02
carinata,Bca_C,C2,8,BcaC02g001090.3DH.1,0.89
carinata,Bca_C,C2,5,BcaC02g001270.3DH.1,1.35
carinata,Bca_C,C2,9,BcaC02g001590.3DH.1,0.29
carinata,Bca_C,C2,7,BcaC02g015650.3DH.1,1.17
carinata,Bca_C,C2,5,BcaC02g016620.3DH.1,0.34
carinata,Bca_C,C2,5,BcaC02g017000.3DH.1,0.97
carinata,Bca_C,C2,6,BcaC02g017470.3DH.1,1.27
carinata,Bca_C,C2,20,BcaC02g017800.3DH.1,1.58
carinata,Bca_C,C2,14,BcaC02g018340.3DH.1,2.35
carinata,Bca_C,C2,5,BcaC02g018860.3DH.1,1.13
carinata,Bca_C,C2,14,BcaC02g019780.3DH.1,6.23
carinata,Bca_C,C2,10,BcaC02g022100.3DH.1,0.09
carinata,Bca_C,C2,8,BcaC02g024660.3DH.1,0.42
carinata,Bca_C,C2,15,BcaC02g030250.3DH.1,1.56
carinata,Bca_C,C2,5,BcaC02g036060.3DH.1,0.52
carinata,Bca_C,C2,19,BcaC02g038370.3DH.1,0.27
carinata,Bca_C,C2,9,BcaC02g039140.3DH.1,1.36
carinata,Bca_C,C2,15,BcaC02g040080.3DH.1,0.73
carinata,Bca_C,C2,72,BcaC02g042180.3DH.1,1.1
carinata,Bca_C,C2,7,BcaC02g048560.3DH.1,0.01
carinata,Bca_C,C2,5,BcaC02g051900.3DH.1,2.89
carinata,Bca_C,C3,8,BcaC03g001040.3DH.1,0.84
carinata,Bca_C,C3,6,BcaC03g001280.3DH.1,0.91
carinata,Bca_C,C3,7,BcaC03g001710.3DH.1,1.65
carinata,Bca_C,C3,5,BcaC03g001840.3DH.1,0.33
carinata,Bca_C,C3,8,BcaC03g002000.3DH.1,0.71
carinata,Bca_C,C3,5,BcaC03g004850.3DH.1,57.73
carinata,Bca_C,C3,9,BcaC03g006290.3DH.1,0.0
carinata,Bca_C,C3,11,BcaC03g009700.3DH.1,0.01
carinata,Bca_C,C3,6,BcaC03g010440.3DH.1,2.61
carinata,Bca_C,C3,5,BcaC03g012650.3DH.1,1.71
carinata,Bca_C,C3,8,BcaC03g015990.3DH.1,4.31
carinata,Bca_C,C3,7,BcaC03g016450.3DH.1,0.05
carinata,Bca_C,C3,12,BcaC03g016710.3DH.1,3.54
carinata,Bca_C,C3,5,BcaC03g018890.3DH.1,1.31
carinata,Bca_C,C3,10,BcaC03g019020.3DH.1,0.84
carinata,Bca_C,C3,8,BcaC03g019250.3DH.1,1.28
carinata,Bca_C,C3,19,BcaC03g019400.3DH.1,0.92
carinata,Bca_C,C3,7,BcaC03g020710.3DH.1,0.45
carinata,Bca_C,C3,8,BcaC03g021250.3DH.1,0.19
carinata,Bca_C,C3,5,BcaC03g023900.3DH.1,3.46
carinata,Bca_C,C3,7,BcaC03g028370.3DH.1,0.69
carinata,Bca_C,C3,5,BcaC03g028990.3DH.1,0.08
carinata,Bca_C,C3,6,BcaC03g029600.3DH.1,0.69
carinata,Bca_C,C3,7,BcaC03g030070.3DH.1,1.39
carinata,Bca_C,C3,8,BcaC03g030480.3DH.1,0.0
carinata,Bca_C,C3,5,BcaC03g030900.3DH.1,0.78
carinata,Bca_C,C3,5,BcaC03g032710.3DH.1,1.03
carinata,Bca_C,C3,6,BcaC03g033000.3DH.1,2.61
carinata,Bca_C,C3,62,BcaC03g034650.3DH.1,1.27
carinata,Bca_C,C3,5,BcaC03g036090.3DH.1,1.38
carinata,Bca_C,C3,10,BcaC03g036280.3DH.1,1.22
carinata,Bca_C,C3,12,BcaC03g036730.3DH.1,0.84
carinata,Bca_C,C3,14,BcaC03g037740.3DH.1,1.39
carinata,Bca_C,C3,12,BcaC03g039160.3DH.1,1.14
carinata,Bca_C,C3,60,BcaC03g039570.3DH.1,1.46
carinata,Bca_C,C3,17,BcaC03g041080.3DH.1,0.7
carinata,Bca_C,C3,71,BcaC03g041430.3DH.1,0.73
carinata,Bca_C,C3,5,BcaC03g042570.3DH.1,3.57
carinata,Bca_C,C3,14,BcaC03g043000.3DH.1,0.51
carinata,Bca_C,C3,9,BcaC03g043300.3DH.1,4.13
carinata,Bca_C,C3,7,BcaC03g043700.3DH.1,0.52
carinata,Bca_C,C3,7,BcaC03g044050.3DH.1,1.05
carinata,Bca_C,C3,9,BcaC03g044640.3DH.1,0.9
carinata,Bca_C,C3,20,BcaC03g045660.3DH.1,2.11
carinata,Bca_C,C3,9,BcaC03g047090.3DH.1,4.18
carinata,Bca_C,C3,13,BcaC03g047770.3DH.1,1.09
carinata,Bca_C,C3,6,BcaC03g049620.3DH.1,2.26
carinata,Bca_C,C3,5,BcaC03g050510.3DH.1,0.52
carinata,Bca_C,C3,5,BcaC03g051700.3DH.1,0.4
carinata,Bca_C,C3,14,BcaC03g051940.3DH.1,0.16
carinata,Bca_C,C3,7,BcaC03g052280.3DH.1,0.78
carinata,Bca_C,C3,6,BcaC03g053850.3DH.1,1.06
carinata,Bca_C,C3,17,BcaC03g055160.3DH.1,0.84
carinata,Bca_C,C3,142,BcaC03g059640.3DH.1,0.8
carinata,Bca_C,C3,5,BcaC03g081330.3DH.1,1.21
carinata,Bca_C,C3,6,BcaC03g083210.3DH.1,3.54
carinata,Bca_C,C3,7,BcaC03g083470.3DH.1,1.31
carinata,Bca_C,C3,7,BcaC03g083960.3DH.1,0.86
carinata,Bca_C,C3,9,BcaC03g084800.3DH.1,0.99
carinata,Bca_C,C3,7,BcaC03g087210.3DH.1,0.82
carinata,Bca_C,C3,23,BcaC03g088590.3DH.1,1.36
carinata,Bca_C,C3,6,BcaC03g089290.3DH.1,0.0
carinata,Bca_C,C3,27,BcaC03g089880.3DH.1,1.0
carinata,Bca_C,C3,5,BcaC03g095460.3DH.1,0.99
carinata,Bca_C,C3,11,BcaC03g095740.3DH.1,1.83
carinata,Bca_C,C3,8,BcaC03g096300.3DH.1,0.83
carinata,Bca_C,C3,8,BcaC03g100970.3DH.1,1.07
carinata,Bca_C,C3,8,BcaC03g101370.3DH.1,0.81
carinata,Bca_C,C4,5,BcaC04g002500.3DH.1,0.01
carinata,Bca_C,C4,7,BcaC04g010810.3DH.1,1.65
carinata,Bca_C,C4,8,BcaC04g016370.3DH.1,0.05
carinata,Bca_C,C4,11,BcaC04g029220.3DH.1,0.99
carinata,Bca_C,C4,9,BcaC04g030540.3DH.1,0.23
carinata,Bca_C,C4,28,BcaC04g031530.3DH.1,0.63
carinata,Bca_C,C4,12,BcaC04g034950.3DH.1,0.2
carinata,Bca_C,C4,12,BcaC04g050740.3DH.1,0.92
carinata,Bca_C,C4,12,BcaC04g051160.3DH.1,1.57
carinata,Bca_C,C4,5,BcaC04g051900.3DH.1,1.42
carinata,Bca_C,C4,19,BcaC04g063860.3DH.1,1.53
carinata,Bca_C,C4,6,BcaC04g066300.3DH.1,0.9
carinata,Bca_C,C4,7,BcaC04g067010.3DH.1,0.76
carinata,Bca_C,C4,5,BcaC04g067980.3DH.1,0.56
carinata,Bca_C,C4,5,BcaC04g070760.3DH.1,3.02
carinata,Bca_C,C4,5,BcaC04g071740.3DH.1,0.05
carinata,Bca_C,C4,21,BcaC04g074260.3DH.1,0.91
carinata,Bca_C,C4,5,BcaC04g076650.3DH.1,0.0
carinata,Bca_C,C4,5,BcaC04g080340.3DH.1,0.56
carinata,Bca_C,C4,5,BcaC04g080840.3DH.1,3.5
carinata,Bca_C,C4,9,BcaC04g081570.3DH.1,1.07
carinata,Bca_C,C4,7,BcaC04g081940.3DH.1,0.66
carinata,Bca_C,C5,8,BcaC05g001690.3DH.1,0.39
carinata,Bca_C,C5,7,BcaC05g005020.3DH.1,0.52
carinata,Bca_C,C5,5,BcaC05g006130.3DH.1,0.33
carinata,Bca_C,C5,9,BcaC05g007780.3DH.1,0.98
carinata,Bca_C,C5,5,BcaC05g007980.3DH.1,1.11
carinata,Bca_C,C5,7,BcaC05g008080.3DH.1,0.72
carinata,Bca_C,C5,8,BcaC05g008220.3DH.1,1.86
carinata,Bca_C,C5,5,BcaC05g012130.3DH.1,0.81
carinata,Bca_C,C5,18,BcaC05g026390.3DH.1,0.15
carinata,Bca_C,C5,5,BcaC05g028080.3DH.1,1.08
carinata,Bca_C,C5,6,BcaC05g029120.3DH.1,1.92
carinata,Bca_C,C5,8,BcaC05g037950.3DH.1,1.57
carinata,Bca_C,C5,19,BcaC05g038550.3DH.1,2.42
carinata,Bca_C,C5,12,BcaC05g041330.3DH.1,0.74
carinata,Bca_C,C5,5,BcaC05g041990.3DH.1,0.75
carinata,Bca_C,C5,8,BcaC05g042990.3DH.1,0.63
carinata,Bca_C,C5,9,BcaC05g043500.3DH.1,1.07
carinata,Bca_C,C5,11,BcaC05g052050.3DH.1,0.62
carinata,Bca_C,C5,6,BcaC05g062840.3DH.1,2.49
carinata,Bca_C,C5,7,BcaC05g064950.3DH.1,0.78
carinata,Bca_C,C5,6,BcaC05g069490.3DH.1,0.44
carinata,Bca_C,C5,7,BcaC05g069600.3DH.1,1.2
carinata,Bca_C,C5,9,BcaC05g069750.3DH.1,1.28
carinata,Bca_C,C5,25,BcaC05g069930.3DH.1,1.54
carinata,Bca_C,C5,14,BcaC05g076920.3DH.1,1.02
carinata,Bca_C,C6,9,BcaC06g000950.3DH.1,1.32
carinata,Bca_C,C6,7,BcaC06g003690.3DH.1,1.01
carinata,Bca_C,C6,5,BcaC06g003980.3DH.1,1.01
carinata,Bca_C,C6,5,BcaC06g004460.3DH.1,0.0
carinata,Bca_C,C6,9,BcaC06g009520.3DH.1,1.23
carinata,Bca_C,C6,6,BcaC06g013860.3DH.1,0.4
carinata,Bca_C,C6,9,BcaC06g016450.3DH.1,1.36
carinata,Bca_C,C6,7,BcaC06g016810.3DH.1,0.97
carinata,Bca_C,C6,5,BcaC06g017710.3DH.1,1.38
carinata,Bca_C,C6,5,BcaC06g020020.3DH.1,4.81
carinata,Bca_C,C6,292,BcaC06g027690.3DH.1,0.99
carinata,Bca_C,C6,7,BcaC06g035100.3DH.1,1.67
carinata,Bca_C,C6,22,BcaC06g035400.3DH.1,0.61
carinata,Bca_C,C6,8,BcaC06g036120.3DH.1,1.22
carinata,Bca_C,C6,7,BcaC06g036350.3DH.1,0.01
carinata,Bca_C,C6,6,BcaC06g038580.3DH.1,0.37
carinata,Bca_C,C6,23,BcaC06g039690.3DH.1,1.34
carinata,Bca_C,C6,7,BcaC06g040670.3DH.1,0.73
carinata,Bca_C,C6,11,BcaC06g042450.3DH.1,0.7
carinata,Bca_C,C6,5,BcaC06g042840.3DH.1,0.26
carinata,Bca_C,C6,21,BcaC06g043920.3DH.1,0.64
carinata,Bca_C,C6,18,BcaC06g044630.3DH.1,0.69
carinata,Bca_C,C6,6,BcaC06g045480.3DH.1,1.99
carinata,Bca_C,C6,7,BcaC06g046160.3DH.1,1.13
carinata,Bca_C,C6,9,BcaC06g046290.3DH.1,1.57
carinata,Bca_C,C6,6,BcaC06g046490.3DH.1,1.64
carinata,Bca_C,C6,7,BcaC06g047790.3DH.1,0.89
carinata,Bca_C,C6,9,BcaC06g050470.3DH.1,0.27
carinata,Bca_C,C6,5,BcaC06g053060.3DH.1,2.37
carinata,Bca_C,C6,5,BcaC06g056230.3DH.1,0.01
carinata,Bca_C,C6,6,BcaC06g059280.3DH.1,1.76
carinata,Bca_C,C6,57,BcaC06g060200.3DH.1,0.89
carinata,Bca_C,C6,8,BcaC06g060980.3DH.1,0.4
carinata,Bca_C,C6,6,BcaC06g061150.3DH.1,2.4
carinata,Bca_C,C6,17,BcaC06g061580.3DH.1,1.03
carinata,Bca_C,C7,7,BcaC07g000170.3DH.1,1.27
carinata,Bca_C,C7,28,BcaC07g000960.3DH.1,0.89
carinata,Bca_C,C7,5,BcaC07g002670.3DH.1,0.97
carinata,Bca_C,C7,12,BcaC07g002930.3DH.1,1.76
carinata,Bca_C,C7,26,BcaC07g003920.3DH.1,1.14
carinata,Bca_C,C7,10,BcaC07g005700.3DH.1,1.1
carinata,Bca_C,C7,12,BcaC07g006290.3DH.1,0.75
carinata,Bca_C,C7,6,BcaC07g007180.3DH.1,0.68
carinata,Bca_C,C7,6,BcaC07g007940.3DH.1,0.57
carinata,Bca_C,C7,5,BcaC07g009060.3DH.1,1.52
carinata,Bca_C,C7,7,BcaC07g009340.3DH.1,1.63
carinata,Bca_C,C7,6,BcaC07g010140.3DH.1,1.48
carinata,Bca_C,C7,15,BcaC07g010530.3DH.1,1.2
carinata,Bca_C,C7,6,BcaC07g013170.3DH.1,0.05
carinata,Bca_C,C7,9,BcaC07g015030.3DH.1,8.23
carinata,Bca_C,C7,5,BcaC07g016810.3DH.1,1.19
carinata,Bca_C,C7,5,BcaC07g018100.3DH.1,0.44
carinata,Bca_C,C7,6,BcaC07g020220.3DH.1,1.43
carinata,Bca_C,C7,86,BcaC07g020750.3DH.1,0.97
carinata,Bca_C,C7,31,BcaC07g023370.3DH.1,1.18
carinata,Bca_C,C7,8,BcaC07g025990.3DH.1,0.15
carinata,Bca_C,C7,16,BcaC07g027800.3DH.1,0.02
carinata,Bca_C,C7,10,BcaC07g029050.3DH.1,0.48
carinata,Bca_C,C7,11,BcaC07g029330.3DH.1,1.09
carinata,Bca_C,C7,5,BcaC07g040350.3DH.1,3.78
carinata,Bca_C,C7,5,BcaC07g041760.3DH.1,0.56
carinata,Bca_C,C7,7,BcaC07g043000.3DH.1,0.01
carinata,Bca_C,C7,5,BcaC07g050550.3DH.1,1.17
carinata,Bca_C,C7,8,BcaC07g055460.3DH.1,0.36
carinata,Bca_C,C7,5,BcaC07g056000.3DH.1,0.47
carinata,Bca_C,C7,5,BcaC07g064980.3DH.1,0.6
carinata,Bca_C,C7,7,BcaC07g065370.3DH.1,3.33
carinata,Bca_C,C7,9,BcaC07g067650.3DH.1,1.24
carinata,Bca_C,C7,5,BcaC07g068750.3DH.1,2.32
carinata,Bca_C,C7,5,BcaC07g071070.3DH.1,1.12
carinata,Bca_C,C7,7,BcaC07g071490.3DH.1,4.5
carinata,Bca_C,C7,7,BcaC07g071780.3DH.1,1.16
carinata,Bca_C,C7,34,BcaC07g073250.3DH.1,0.53
carinata,Bca_C,C7,22,BcaC07g074440.3DH.1,0.19
carinata,Bca_C,C8,13,BcaC08g000020.3DH.1,0.6
carinata,Bca_C,C8,19,BcaC08g000380.3DH.1,1.1
carinata,Bca_C,C8,7,BcaC08g001170.3DH.1,1.22
carinata,Bca_C,C8,6,BcaC08g001620.3DH.1,1.08
carinata,Bca_C,C8,8,BcaC08g001870.3DH.1,0.47
carinata,Bca_C,C8,8,BcaC08g002520.3DH.1,1.45
carinata,Bca_C,C8,6,BcaC08g002710.3DH.1,0.85
carinata,Bca_C,C8,15,BcaC08g003350.3DH.1,0.42
carinata,Bca_C,C8,8,BcaC08g004770.3DH.1,1.63
carinata,Bca_C,C8,7,BcaC08g006820.3DH.1,1.0
carinata,Bca_C,C8,7,BcaC08g008360.3DH.1,1.02
carinata,Bca_C,C8,21,BcaC08g009400.3DH.1,1.99
carinata,Bca_C,C8,18,BcaC08g011560.3DH.1,0.94
carinata,Bca_C,C8,11,BcaC08g015200.3DH.1,1.12
carinata,Bca_C,C8,27,BcaC08g016320.3DH.1,1.13
carinata,Bca_C,C8,7,BcaC08g026480.3DH.1,1.05
carinata,Bca_C,C8,10,BcaC08g029130.3DH.1,1.02
carinata,Bca_C,C8,5,BcaC08g029470.3DH.1,0.83
carinata,Bca_C,C8,7,BcaC08g029690.3DH.1,1.44
carinata,Bca_C,C8,5,BcaC08g029880.3DH.1,0.0
carinata,Bca_C,C8,5,BcaC08g031080.3DH.1,2.23
carinata,Bca_C,C8,20,BcaC08g031580.3DH.1,0.16
carinata,Bca_C,C8,9,BcaC08g032000.3DH.1,0.83
carinata,Bca_C,C8,22,BcaC08g032180.3DH.1,5.04
carinata,Bca_C,C8,61,BcaC08g034140.3DH.1,1.29
carinata,Bca_C,C8,8,BcaC08g035450.3DH.1,0.81
carinata,Bca_C,C8,80,BcaC08g035870.3DH.1,0.6
carinata,Bca_C,C8,18,BcaC08g049040.3DH.1,0.85
carinata,Bca_C,C8,33,BcaC08g051400.3DH.1,1.08
carinata,Bca_C,C8,6,BcaC08g053130.3DH.1,0.87
carinata,Bca_C,C8,5,BcaC08g053350.3DH.1,0.43
carinata,Bca_C,C8,22,BcaC08g055860.3DH.1,1.03
carinata,Bca_C,C8,6,BcaC08g056170.3DH.1,1.17
carinata,Bca_C,C8,12,BcaC08g056490.3DH.1,0.9
carinata,Bca_C,C8,71,BcaC08g056810.3DH.1,1.05
carinata,Bca_C,C8,23,BcaC08g058150.3DH.1,0.32
carinata,Bca_C,C8,9,BcaC08g058590.3DH.1,2.62
carinata,Bca_C,C8,17,BcaC08g059210.3DH.1,1.31
carinata,Bca_C,C8,8,BcaC08g063110.3DH.1,0.81
carinata,Bca_C,C8,11,BcaC08g064880.3DH.1,0.59
carinata,Bca_C,C8,12,BcaC08g065780.3DH.1,1.24
carinata,Bca_C,C8,8,BcaC08g066570.3DH.1,0.37
carinata,Bca_C,C8,11,BcaC08g067060.3DH.1,1.44
carinata,Bca_C,C8,35,BcaC08g067250.3DH.1,0.47
carinata,Bca_C,C9,36,BcaC09g000640.3DH.1,1.06
carinata,Bca_C,C9,6,BcaC09g001230.3DH.1,0.95
carinata,Bca_C,C9,15,BcaC09g001350.3DH.1,1.23
carinata,Bca_C,C9,7,BcaC09g001760.3DH.1,1.29
carinata,Bca_C,C9,7,BcaC09g004700.3DH.1,2.66
carinata,Bca_C,C9,7,BcaC09g005260.3DH.1,1.56
carinata,Bca_C,C9,6,BcaC09g005750.3DH.1,0.02
carinata,Bca_C,C9,5,BcaC09g006200.3DH.1,2.94
carinata,Bca_C,C9,12,BcaC09g006400.3DH.1,1.09
carinata,Bca_C,C9,19,BcaC09g012860.3DH.1,0.53
carinata,Bca_C,C9,60,BcaC09g015670.3DH.1,0.88
carinata,Bca_C,C9,5,BcaC09g019140.3DH.1,1.54
carinata,Bca_C,C9,5,BcaC09g019310.3DH.1,2.21
carinata,Bca_C,C9,6,BcaC09g019450.3DH.1,1.37
carinata,Bca_C,C9,14,BcaC09g019620.3DH.1,1.07
carinata,Bca_C,C9,5,BcaC09g020290.3DH.1,2.92
carinata,Bca_C,C9,9,BcaC09g024970.3DH.1,1.32
carinata,Bca_C,C9,6,BcaC09g025540.3DH.1,0.66
carinata,Bca_C,C9,13,BcaC09g026250.3DH.1,1.75
carinata,Bca_C,C9,29,BcaC09g026980.3DH.1,1.86
carinata,Bca_C,C9,5,BcaC09g033930.3DH.1,0.11
carinata,Bca_C,C9,9,BcaC09g034330.3DH.1,0.27
carinata,Bca_C,C9,8,BcaC09g037140.3DH.1,0.68
carinata,Bca_C,C9,24,BcaC09g037470.3DH.1,1.14
carinata,Bca_C,C9,9,BcaC09g040130.3DH.1,0.74
carinata,Bca_C,C9,6,BcaC09g041080.3DH.1,2.39
carinata,Bca_C,C9,9,BcaC09g041670.3DH.1,1.04
carinata,Bca_C,C9,7,BcaC09g042140.3DH.1,1.12
carinata,Bca_C,C9,5,BcaC09g042340.3DH.1,1.02
carinata,Bca_C,C9,12,BcaC09g042670.3DH.1,0.81
carinata,Bca_C,C9,6,BcaC09g043150.3DH.1,0.82
carinata,Bca_C,C9,5,BcaC09g043680.3DH.1,2.48
carinata,Bca_C,C9,18,BcaC09g043960.3DH.1,0.8
carinata,Bca_C,C9,9,BcaC09g047070.3DH.1,0.97
carinata,Bca_C,C9,8,BcaC09g047920.3DH.1,1.58
carinata,Bca_C,C9,6,BcaC09g063000.3DH.1,2.65
carinata,Bca_C,C9,6,BcaC09g063190.3DH.1,1.08
carinata,Bca_C,C9,5,BcaC09g081830.3DH.1,1.51
carinata,Bca_C,C9,5,BcaC09g082270.3DH.1,1.4
carinata,Bca_C,Scaffold00026,5,BcaS00026g4520.3DH.1,2.43
carinata,Bca_C,Scaffold00095,6,BcaS00095g0830.3DH.1,0.95
carinata,Bca_C,Scaffold00095,5,BcaS00095g3300.3DH.1,4.18
carinata,Bca_C,Scaffold00147,29,BcaS00147g1020.3DH.1,0.95
carinata,Bca_C,Scaffold00147,5,BcaS00147g2710.3DH.1,0.0
carinata,Bca_C,Scaffold00149,11,BcaS00149g0050.3DH.1,0.72
carinata,Bca_C,Scaffold00149,5,BcaS00149g2010.3DH.1,9.4
carinata,Bca_C,Scaffold00355,8,BcaS00355g1000.3DH.1,1.33
carinata,Bca_C,Scaffold00355,6,BcaS00355g1270.3DH.1,2.17
carinata,Bca_C,Scaffold00355,7,BcaS00355g1360.3DH.1,0.15
carinata,Bca_C,Scaffold00362,7,BcaS00362g0320.3DH.1,0.94
carinata,Bca_C,Scaffold00577,16,BcaS00577g0110.3DH.1,1.34
carinata,Bca_C,Scaffold00655,10,BcaS00655g0120.3DH.1,0.95
carinata,Bca_C,Scaffold00689,8,BcaS00689g0070.3DH.1,0.0
carinata,Bca_C,Scaffold00912,15,BcaS00912g0180.3DH.1,0.99
juncea,Bju_A,A01,7,BjuA01g000530.3DH.2,2.98
juncea,Bju_A,A01,8,BjuA01g011560.3DH.1,1.96
juncea,Bju_A,A01,7,BjuA01g012100.3DH.1,1.12
juncea,Bju_A,A01,6,BjuA01g012230.3DH.1,0.79
juncea,Bju_A,A01,12,BjuA01g012470.3DH.1,0.84
juncea,Bju_A,A01,5,BjuA01g022820.3DH.1,0.44
juncea,Bju_A,A01,6,BjuA01g023660.3DH.1,0.38
juncea,Bju_A,A01,26,BjuA01g024990.3DH.1,1.0
juncea,Bju_A,A01,10,BjuA01g026210.3DH.1,0.71
juncea,Bju_A,A01,7,BjuA01g026650.3DH.1,0.65
juncea,Bju_A,A01,7,BjuA01g027050.3DH.1,1.38
juncea,Bju_A,A01,19,BjuA01g028590.3DH.1,0.0
juncea,Bju_A,A01,5,BjuA01g029310.3DH.1,0.21
juncea,Bju_A,A01,12,BjuA01g029530.3DH.1,17.59
juncea,Bju_A,A01,13,BjuA01g033980.3DH.1,351.73
juncea,Bju_A,A01,16,BjuA01g035070.3DH.1,1.03
juncea,Bju_A,A01,5,BjuA01g038960.3DH.1,1.27
juncea,Bju_A,A01,7,BjuA01g039070.3DH.1,1.51
juncea,Bju_A,A01,10,BjuA01g040350.3DH.1,0.86
juncea,Bju_A,A01,5,BjuA01g041830.3DH.1,2.2
juncea,Bju_A,A01,6,BjuA01g044380.3DH.1,1.09
juncea,Bju_A,A01,10,BjuA01g045660.3DH.1,1.51
juncea,Bju_A,A01,30,BjuA01g046510.3DH.1,1.48
juncea,Bju_A,A01,5,BjuA01g047210.3DH.1,7.47
juncea,Bju_A,A01,5,BjuA01g047770.3DH.1,1.08
juncea,Bju_A,A01,41,BjuA01g047930.3DH.1,0.88
juncea,Bju_A,A01,16,BjuA01g049000.3DH.1,1.17
juncea,Bju_A,A01,19,BjuA01g049350.3DH.1,0.75
juncea,Bju_A,A01,6,BjuA01g050110.3DH.1,0.26
juncea,Bju_A,A01,5,BjuA01g050810.3DH.1,0.68
juncea,Bju_A,A02,18,BjuA02g000060.3DH.1,0.83
juncea,Bju_A,A02,9,BjuA02g000880.3DH.1,0.22
juncea,Bju_A,A02,5,BjuA02g002150.3DH.1,8.15
juncea,Bju_A,A02,13,BjuA02g002580.3DH.1,0.06
juncea,Bju_A,A02,5,BjuA02g002820.3DH.1,1.84
juncea,Bju_A,A02,5,BjuA02g003330.3DH.1,0.34
juncea,Bju_A,A02,8,BjuA02g004060.3DH.1,1.1
juncea,Bju_A,A02,6,BjuA02g017540.3DH.1,1.15
juncea,Bju_A,A02,11,BjuA02g017900.3DH.1,1.38
juncea,Bju_A,A02,7,BjuA02g024310.3DH.1,1.76
juncea,Bju_A,A02,8,BjuA02g028720.3DH.1,1.56
juncea,Bju_A,A02,56,BjuA02g029770.3DH.1,0.97
juncea,Bju_A,A02,43,BjuA02g031020.3DH.1,0.93
juncea,Bju_A,A02,106,BjuA02g032540.3DH.1,0.94
juncea,Bju_A,A02,9,BjuA02g037530.3DH.1,0.61
juncea,Bju_A,A02,7,BjuA02g037980.3DH.1,0.72
juncea,Bju_A,A02,9,BjuA02g038490.3DH.1,1.17
juncea,Bju_A,A02,6,BjuA02g039680.3DH.1,2.26
juncea,Bju_A,A02,13,BjuA02g040100.3DH.1,1.15
juncea,Bju_A,A02,13,BjuA02g040720.3DH.1,0.73
juncea,Bju_A,A02,15,BjuA02g041280.3DH.1,1.18
juncea,Bju_A,A02,11,BjuA02g041710.3DH.1,1.76
juncea,Bju_A,A02,6,BjuA02g042050.3DH.1,0.56
juncea,Bju_A,A02,5,BjuA02g042270.3DH.1,0.83
juncea,Bju_A,A02,6,BjuA02g045320.3DH.1,1.27
juncea,Bju_A,A02,6,BjuA02g046560.3DH.1,0.88
juncea,Bju_A,A02,9,BjuA02g047220.3DH.1,0.01
juncea,Bju_A,A02,7,BjuA02g049250.3DH.1,0.31
juncea,Bju_A,A03,8,BjuA03g001700.3DH.1,4.79
juncea,Bju_A,A03,5,BjuA03g003400.3DH.1,1.95
juncea,Bju_A,A03,5,BjuA03g003500.3DH.1,0.75
juncea,Bju_A,A03,6,BjuA03g003750.3DH.2,1.06
juncea,Bju_A,A03,9,BjuA03g003900.3DH.1,0.91
juncea,Bju_A,A03,6,BjuA03g004240.3DH.1,0.69
juncea,Bju_A,A03,7,BjuA03g008740.3DH.1,1.21
juncea,Bju_A,A03,21,BjuA03g015810.3DH.1,0.64
juncea,Bju_A,A03,8,BjuA03g016260.3DH.1,0.67
juncea,Bju_A,A03,14,BjuA03g016440.3DH.1,1.04
juncea,Bju_A,A03,6,BjuA03g017870.3DH.1,0.48
juncea,Bju_A,A03,13,BjuA03g025140.3DH.1,0.84
juncea,Bju_A,A03,5,BjuA03g025920.3DH.1,0.53
juncea,Bju_A,A03,6,BjuA03g026290.3DH.1,1.22
juncea,Bju_A,A03,12,BjuA03g026600.3DH.1,1.69
juncea,Bju_A,A03,49,BjuA03g028280.3DH.1,1.18
juncea,Bju_A,A03,31,BjuA03g030390.3DH.1,0.71
juncea,Bju_A,A03,22,BjuA03g031480.3DH.1,0.93
juncea,Bju_A,A03,25,BjuA03g031930.3DH.1,0.98
juncea,Bju_A,A03,8,BjuA03g032300.3DH.1,0.85
juncea,Bju_A,A03,15,BjuA03g032440.3DH.1,0.79
juncea,Bju_A,A03,53,BjuA03g032990.3DH.1,1.05
juncea,Bju_A,A03,5,BjuA03g033930.3DH.1,2.58
juncea,Bju_A,A03,5,BjuA03g035240.3DH.1,0.01
juncea,Bju_A,A03,7,BjuA03g036990.3DH.1,1.5
juncea,Bju_A,A03,5,BjuA03g037180.3DH.1,1.27
juncea,Bju_A,A03,6,BjuA03g037320.3DH.1,6.08
juncea,Bju_A,A03,7,BjuA03g037760.3DH.1,1.17
juncea,Bju_A,A03,36,BjuA03g038990.3DH.1,0.92
juncea,Bju_A,A03,5,BjuA03g039740.3DH.1,1.52
juncea,Bju_A,A03,5,BjuA03g040200.3DH.1,0.37
juncea,Bju_A,A03,5,BjuA03g041310.3DH.1,0.44
juncea,Bju_A,A03,6,BjuA03g041650.3DH.1,0.85
juncea,Bju_A,A03,7,BjuA03g041930.3DH.1,2.18
juncea,Bju_A,A03,5,BjuA03g042290.3DH.1,1.61
juncea,Bju_A,A03,7,BjuA03g043030.3DH.1,1.16
juncea,Bju_A,A03,14,BjuA03g043290.3DH.1,0.64
juncea,Bju_A,A03,7,BjuA03g049310.3DH.1,0.84
juncea,Bju_A,A03,8,BjuA03g049470.3DH.1,1.41
juncea,Bju_A,A03,11,BjuA03g049930.3DH.1,1.07
juncea,Bju_A,A03,10,BjuA03g053680.3DH.2,1.7
juncea,Bju_A,A03,7,BjuA03g069970.3DH.1,1.28
juncea,Bju_A,A04,20,BjuA04g000030.3DH.1,0.9
juncea,Bju_A,A04,7,BjuA04g000760.3DH.1,1.35
juncea,Bju_A,A04,11,BjuA04g000910.3DH.1,0.66
juncea,Bju_A,A04,10,BjuA04g001320.3DH.1,0.5
juncea,Bju_A,A04,5,BjuA04g001770.3DH.1,5.57
juncea,Bju_A,A04,12,BjuA04g001910.3DH.1,1.19
juncea,Bju_A,A04,17,BjuA04g002140.3DH.1,0.83
juncea,Bju_A,A04,8,BjuA04g002680.3DH.1,1.0
juncea,Bju_A,A04,7,BjuA04g003730.3DH.1,1.18
juncea,Bju_A,A04,7,BjuA04g004220.3DH.1,0.33
juncea,Bju_A,A04,9,BjuA04g004380.3DH.1,0.69
juncea,Bju_A,A04,12,BjuA04g004800.3DH.1,0.81
juncea,Bju_A,A04,5,BjuA04g005100.3DH.1,1.19
juncea,Bju_A,A04,20,BjuA04g005240.3DH.1,1.06
juncea,Bju_A,A04,11,BjuA04g005820.3DH.1,0.92
juncea,Bju_A,A04,10,BjuA04g006160.3DH.1,1.18
juncea,Bju_A,A04,6,BjuA04g006390.3DH.1,1.41
juncea,Bju_A,A04,7,BjuA04g006570.3DH.1,0.82
juncea,Bju_A,A04,8,BjuA04g007000.3DH.1,1.44
juncea,Bju_A,A04,37,BjuA04g007540.3DH.1,1.08
juncea,Bju_A,A04,8,BjuA04g009620.3DH.1,1.63
juncea,Bju_A,A04,17,BjuA04g009890.3DH.1,0.96
juncea,Bju_A,A04,35,BjuA04g011860.3DH.1,1.39
juncea,Bju_A,A04,19,BjuA04g014040.3DH.1,1.27
juncea,Bju_A,A04,19,BjuA04g014910.3DH.1,0.96
juncea,Bju_A,A04,6,BjuA04g016120.3DH.1,1.18
juncea,Bju_A,A04,6,BjuA04g016440.3DH.1,0.78
juncea,Bju_A,A04,7,BjuA04g018330.3DH.1,0.45
juncea,Bju_A,A04,6,BjuA04g019600.3DH.1,2.81
juncea,Bju_A,A04,8,BjuA04g020290.3DH.2,1.17
juncea,Bju_A,A04,14,BjuA04g020760.3DH.1,2.71
juncea,Bju_A,A04,90,BjuA04g021590.3DH.2,0.88
juncea,Bju_A,A05,5,BjuA05g001750.3DH.1,0.05
juncea,Bju_A,A05,11,BjuA05g016740.3DH.1,0.85
juncea,Bju_A,A05,11,BjuA05g018480.3DH.1,2.55
juncea,Bju_A,A05,5,BjuA05g019040.3DH.1,1.83
juncea,Bju_A,A05,14,BjuA05g019310.3DH.1,1.11
juncea,Bju_A,A05,10,BjuA05g019830.3DH.1,0.66
juncea,Bju_A,A05,20,BjuA05g020490.3DH.1,0.92
juncea,Bju_A,A05,5,BjuA05g021290.3DH.1,1.52
juncea,Bju_A,A05,15,BjuA05g021640.3DH.1,1.04
juncea,Bju_A,A05,10,BjuA05g022200.3DH.1,0.25
juncea,Bju_A,A05,19,BjuA05g023480.3DH.1,1.16
juncea,Bju_A,A05,7,BjuA05g034540.3DH.1,1.16
juncea,Bju_A,A05,6,BjuA05g034750.3DH.1,1.27
juncea,Bju_A,A05,5,BjuA05g041110.3DH.1,0.86
juncea,Bju_A,A05,5,BjuA05g043000.3DH.1,0.66
juncea,Bju_A,A05,7,BjuA05g043690.3DH.1,2.33
juncea,Bju_A,A05,7,BjuA05g043890.3DH.1,1.53
juncea,Bju_A,A05,8,BjuA05g045470.3DH.1,0.9
juncea,Bju_A,A05,16,BjuA05g045730.3DH.1,0.48
juncea,Bju_A,A05,7,BjuA05g045980.3DH.1,1.85
juncea,Bju_A,A05,5,BjuA05g046510.3DH.1,2.47
juncea,Bju_A,A06,7,BjuA06g000170.3DH.1,0.82
juncea,Bju_A,A06,10,BjuA06g001130.3DH.1,1.03
juncea,Bju_A,A06,9,BjuA06g001430.3DH.1,0.74
juncea,Bju_A,A06,18,BjuA06g003620.3DH.2,1.25
juncea,Bju_A,A06,10,BjuA06g004670.3DH.2,0.7
juncea,Bju_A,A06,9,BjuA06g005750.3DH.1,1.1
juncea,Bju_A,A06,6,BjuA06g006340.3DH.1,1.34
juncea,Bju_A,A06,7,BjuA06g006740.3DH.1,1.4
juncea,Bju_A,A06,5,BjuA06g007030.3DH.1,0.88
juncea,Bju_A,A06,5,BjuA06g007220.3DH.1,2.81
juncea,Bju_A,A06,5,BjuA06g007650.3DH.1,0.32
juncea,Bju_A,A06,5,BjuA06g009670.3DH.1,1.27
juncea,Bju_A,A06,6,BjuA06g019250.3DH.1,2.11
juncea,Bju_A,A06,10,BjuA06g022020.3DH.1,0.58
juncea,Bju_A,A06,9,BjuA06g023700.3DH.1,29.2
juncea,Bju_A,A06,7,BjuA06g025140.3DH.1,7.02
juncea,Bju_A,A06,11,BjuA06g031450.3DH.1,0.01
juncea,Bju_A,A06,5,BjuA06g038340.3DH.1,1.07
juncea,Bju_A,A06,6,BjuA06g044280.3DH.1,1.38
juncea,Bju_A,A06,8,BjuA06g045030.3DH.1,0.87
juncea,Bju_A,A06,14,BjuA06g045180.3DH.1,1.0
juncea,Bju_A,A06,16,BjuA06g045440.3DH.1,1.14
juncea,Bju_A,A06,20,BjuA06g047550.3DH.1,0.31
juncea,Bju_A,A07,5,BjuA07g002560.3DH.1,1.01
juncea,Bju_A,A07,6,BjuA07g002910.3DH.1,1.23
juncea,Bju_A,A07,6,BjuA07g005070.3DH.1,0.82
juncea,Bju_A,A07,7,BjuA07g005630.3DH.1,0.9
juncea,Bju_A,A07,6,BjuA07g005920.3DH.1,0.52
juncea,Bju_A,A07,16,BjuA07g007720.3DH.1,0.81
juncea,Bju_A,A07,5,BjuA07g008250.3DH.1,1.2
juncea,Bju_A,A07,8,BjuA07g008640.3DH.1,1.49
juncea,Bju_A,A07,8,BjuA07g009270.3DH.1,0.65
juncea,Bju_A,A07,8,BjuA07g009630.3DH.1,1.86
juncea,Bju_A,A07,5,BjuA07g010410.3DH.1,0.36
juncea,Bju_A,A07,11,BjuA07g012200.3DH.1,0.18
juncea,Bju_A,A07,35,BjuA07g012720.3DH.1,1.07
juncea,Bju_A,A07,9,BjuA07g013800.3DH.1,0.77
juncea,Bju_A,A07,11,BjuA07g013950.3DH.1,6.82
juncea,Bju_A,A07,6,BjuA07g014210.3DH.1,0.11
juncea,Bju_A,A07,8,BjuA07g014640.3DH.1,0.0
juncea,Bju_A,A07,14,BjuA07g014940.3DH.1,0.51
juncea,Bju_A,A07,16,BjuA07g015290.3DH.1,0.76
juncea,Bju_A,A07,25,BjuA07g015710.3DH.1,2.16
juncea,Bju_A,A07,18,BjuA07g016670.3DH.1,0.65
juncea,Bju_A,A07,10,BjuA07g017320.3DH.1,0.67
juncea,Bju_A,A07,7,BjuA07g020640.3DH.1,6.63
juncea,Bju_A,A07,19,BjuA07g021640.3DH.1,0.96
juncea,Bju_A,A07,6,BjuA07g022410.3DH.1,1.41
juncea,Bju_A,A07,274,BjuA07g022610.3DH.1,1.02
juncea,Bju_A,A07,5,BjuA07g026770.3DH.1,2.53
juncea,Bju_A,A07,74,BjuA07g026850.3DH.1,1.14
juncea,Bju_A,A07,11,BjuA07g027860.3DH.1,13.31
juncea,Bju_A,A07,7,BjuA07g028470.3DH.1,1.72
juncea,Bju_A,A07,8,BjuA07g028560.3DH.1,0.01
juncea,Bju_A,A07,5,BjuA07g030920.3DH.1,2.49
juncea,Bju_A,A07,17,BjuA07g031170.3DH.1,1.29
juncea,Bju_A,A07,31,BjuA07g031500.3DH.1,0.17
juncea,Bju_A,A07,5,BjuA07g032070.3DH.1,1.25
juncea,Bju_A,A07,5,BjuA07g032180.3DH.1,0.71
juncea,Bju_A,A07,5,BjuA07g032720.3DH.1,0.55
juncea,Bju_A,A07,5,BjuA07g033060.3DH.1,1.83
juncea,Bju_A,A07,5,BjuA07g033430.3DH.1,0.71
juncea,Bju_A,A07,5,BjuA07g039370.3DH.1,0.84
juncea,Bju_A,A07,8,BjuA07g040390.3DH.1,0.89
juncea,Bju_A,A07,6,BjuA07g041270.3DH.1,0.32
juncea,Bju_A,A07,41,BjuA07g045480.3DH.1,0.97
juncea,Bju_A,A07,21,BjuA07g046250.3DH.1,1.08
juncea,Bju_A,A07,15,BjuA07g046680.3DH.1,0.71
juncea,Bju_A,A08,21,BjuA08g001670.3DH.1,1.16
juncea,Bju_A,A08,24,BjuA08g002140.3DH.1,0.84
juncea,Bju_A,A08,5,BjuA08g002810.3DH.1,0.94
juncea,Bju_A,A08,8,BjuA08g002990.3DH.1,2.73
juncea,Bju_A,A08,31,BjuA08g003510.3DH.1,1.39
juncea,Bju_A,A08,11,BjuA08g004670.3DH.1,0.82
juncea,Bju_A,A08,9,BjuA08g006930.3DH.1,0.78
juncea,Bju_A,A08,21,BjuA08g009030.3DH.1,1.11
juncea,Bju_A,A08,17,BjuA08g010130.3DH.1,0.6
juncea,Bju_A,A08,6,BjuA08g012610.3DH.1,1.13
juncea,Bju_A,A08,21,BjuA08g012760.3DH.1,1.26
juncea,Bju_A,A08,7,BjuA08g015070.3DH.1,10.2
juncea,Bju_A,A08,46,BjuA08g016850.3DH.1,0.74
juncea,Bju_A,A08,5,BjuA08g025900.3DH.1,1.77
juncea,Bju_A,A08,5,BjuA08g028480.3DH.1,2.02
juncea,Bju_A,A08,6,BjuA08g029040.3DH.1,32.71
juncea,Bju_A,A08,7,BjuA08g030430.3DH.1,0.03
juncea,Bju_A,A08,111,BjuA08g031070.3DH.1,1.15
juncea,Bju_A,A08,193,BjuA08g032900.3DH.2,1.0
juncea,Bju_A,A08,6,BjuA08g035950.3DH.1,0.25
juncea,Bju_A,A08,5,BjuA08g036420.3DH.1,1.02
juncea,Bju_A,A08,22,BjuA08g041350.3DH.1,0.97
juncea,Bju_A,A09,30,BjuA09g000620.3DH.1,0.69
juncea,Bju_A,A09,7,BjuA09g004540.3DH.1,0.68
juncea,Bju_A,A09,15,BjuA09g011000.3DH.1,0.56
juncea,Bju_A,A09,17,BjuA09g012510.3DH.1,0.02
juncea,Bju_A,A09,5,BjuA09g012880.3DH.1,0.37
juncea,Bju_A,A09,8,BjuA09g014220.3DH.1,1.59
juncea,Bju_A,A09,5,BjuA09g015420.3DH.1,0.99
juncea,Bju_A,A09,5,BjuA09g015540.3DH.1,0.87
juncea,Bju_A,A09,5,BjuA09g015640.3DH.1,1.26
juncea,Bju_A,A09,10,BjuA09g017430.3DH.1,0.5
juncea,Bju_A,A09,6,BjuA09g018060.3DH.1,3.02
juncea,Bju_A,A09,6,BjuA09g018300.3DH.1,4.42
juncea,Bju_A,A09,12,BjuA09g018460.3DH.1,0.05
juncea,Bju_A,A09,5,BjuA09g021380.3DH.1,1.17
juncea,Bju_A,A09,198,BjuA09g023850.3DH.1,1.19
juncea,Bju_A,A09,12,BjuA09g029070.3DH.1,1.2
juncea,Bju_A,A09,9,BjuA09g030050.3DH.1,0.83
juncea,Bju_A,A09,8,BjuA09g030360.3DH.1,0.81
juncea,Bju_A,A09,6,BjuA09g030540.3DH.1,1.46
juncea,Bju_A,A09,11,BjuA09g030800.3DH.1,1.08
juncea,Bju_A,A09,6,BjuA09g031130.3DH.1,1.17
juncea,Bju_A,A09,12,BjuA09g031500.3DH.1,1.08
juncea,Bju_A,A09,7,BjuA09g031800.3DH.1,0.0
juncea,Bju_A,A09,10,BjuA09g033680.3DH.1,0.92
juncea,Bju_A,A09,5,BjuA09g034580.3DH.1,1.98
juncea,Bju_A,A09,8,BjuA09g035760.3DH.1,0.92
juncea,Bju_A,A09,8,BjuA09g055960.3DH.1,1.03
juncea,Bju_A,A09,32,BjuA09g057930.3DH.1,0.82
juncea,Bju_A,A09,7,BjuA09g063180.3DH.1,2.24
juncea,Bju_A,A09,5,BjuA09g063510.3DH.1,1.03
juncea,Bju_A,A09,8,BjuA09g063630.3DH.1,0.57
juncea,Bju_A,A09,23,BjuA09g063850.3DH.1,1.39
juncea,Bju_A,A09,5,BjuA09g064190.3DH.1,0.95
juncea,Bju_A,A09,7,BjuA09g064300.3DH.1,1.13
juncea,Bju_A,A09,15,BjuA09g064530.3DH.1,0.87
juncea,Bju_A,A09,18,BjuA09g065920.3DH.1,0.53
juncea,Bju_A,A09,12,BjuA09g066390.3DH.1,1.36
juncea,Bju_A,A09,8,BjuA09g067050.3DH.1,0.67
juncea,Bju_A,A09,7,BjuA09g067360.3DH.1,0.77
juncea,Bju_A,A09,7,BjuA09g067640.3DH.1,1.03
juncea,Bju_A,A09,8,BjuA09g068910.3DH.1,0.95
juncea,Bju_A,A09,17,BjuA09g069020.3DH.2,0.54
juncea,Bju_A,A09,12,BjuA09g071600.3DH.1,1.61
juncea,Bju_A,A10,8,BjuA10g001160.3DH.1,0.84
juncea,Bju_A,A10,5,BjuA10g001330.3DH.1,1.01
juncea,Bju_A,A10,5,BjuA10g001500.3DH.1,0.15
juncea,Bju_A,A10,9,BjuA10g001620.3DH.1,0.9
juncea,Bju_A,A10,19,BjuA10g001890.3DH.1,1.03
juncea,Bju_A,A10,5,BjuA10g008740.3DH.1,15.75
juncea,Bju_A,A10,5,BjuA10g009840.3DH.1,1.32
juncea,Bju_A,A10,12,BjuA10g010280.3DH.1,1.56
juncea,Bju_A,A10,13,BjuA10g010990.3DH.1,1.14
juncea,Bju_A,A10,6,BjuA10g011510.3DH.1,0.79
juncea,Bju_A,A10,5,BjuA10g028610.3DH.1,0.47
juncea,Bju_A,A10,5,BjuA10g033510.3DH.1,1.16
juncea,Bju_A,A10,11,BjuA10g034120.3DH.1,0.65
juncea,Bju_A,A10,19,BjuA10g036220.3DH.1,2.31
juncea,Bju_A,Scaffold00316,18,BjuS00316g0010.3DH.1,2.37
juncea,Bju_A,Scaffold00678,6,BjuS00678g0060.3DH.1,2.9
juncea,Bju_A,Scaffold00826,16,BjuS00826g0020.3DH.1,0.51
juncea,Bju_A,Scaffold01020,9,BjuS01020g0040.3DH.1,0.61
juncea,Bju_A,Scaffold01124,6,BjuS01124g0020.3DH.1,0.0
juncea,Bju_B,B01,8,BjuB01g000120.3DH.1,0.47
juncea,Bju_B,B01,7,BjuB01g000310.3DH.1,0.51
juncea,Bju_B,B01,5,BjuB01g012550.3DH.1,0.34
juncea,Bju_B,B01,5,BjuB01g015080.3DH.1,7.47
juncea,Bju_B,B01,6,BjuB01g016610.3DH.1,1.28
juncea,Bju_B,B01,5,BjuB01g016990.3DH.1,1.58
juncea,Bju_B,B01,40,BjuB01g017150.3DH.1,0.88
juncea,Bju_B,B01,14,BjuB01g018620.3DH.1,0.59
juncea,Bju_B,B01,5,BjuB01g019900.3DH.1,1.01
juncea,Bju_B,B01,11,BjuB01g020820.3DH.1,0.64
juncea,Bju_B,B01,10,BjuB01g021650.3DH.1,0.75
juncea,Bju_B,B01,6,BjuB01g022120.3DH.1,1.15
juncea,Bju_B,B01,8,BjuB01g023090.3DH.1,1.05
juncea,Bju_B,B01,5,BjuB01g026490.3DH.1,2.07
juncea,Bju_B,B01,12,BjuB01g026710.3DH.1,2.34
juncea,Bju_B,B01,53,BjuB01g027100.3DH.1,1.82
juncea,Bju_B,B01,6,BjuB01g039680.3DH.1,1.53
juncea,Bju_B,B01,6,BjuB01g041910.3DH.1,1.17
juncea,Bju_B,B01,10,BjuB01g055050.3DH.1,1.61
juncea,Bju_B,B01,7,BjuB01g060650.3DH.1,1.04
juncea,Bju_B,B01,6,BjuB01g060780.3DH.1,0.91
juncea,Bju_B,B01,5,BjuB01g062180.3DH.1,1.68
juncea,Bju_B,B01,9,BjuB01g062650.3DH.1,0.45
juncea,Bju_B,B01,6,BjuB01g062880.3DH.1,0.0
juncea,Bju_B,B02,5,BjuB02g003860.3DH.2,1.04
juncea,Bju_B,B02,8,BjuB02g004690.3DH.1,0.55
juncea,Bju_B,B02,7,BjuB02g005100.3DH.1,0.87
juncea,Bju_B,B02,7,BjuB02g005800.3DH.1,14.31
juncea,Bju_B,B02,6,BjuB02g006130.3DH.1,1.98
juncea,Bju_B,B02,5,BjuB02g006420.3DH.1,0.11
juncea,Bju_B,B02,5,BjuB02g006650.3DH.1,4.37
juncea,Bju_B,B02,5,BjuB02g007150.3DH.1,2.01
juncea,Bju_B,B02,9,BjuB02g007810.3DH.1,0.83
juncea,Bju_B,B02,9,BjuB02g008570.3DH.1,0.69
juncea,Bju_B,B02,9,BjuB02g011250.3DH.1,1.96
juncea,Bju_B,B02,5,BjuB02g013160.3DH.1,0.04
juncea,Bju_B,B02,11,BjuB02g013990.3DH.1,1.51
juncea,Bju_B,B02,10,BjuB02g016480.3DH.1,1.98
juncea,Bju_B,B02,7,BjuB02g016980.3DH.1,0.53
juncea,Bju_B,B02,6,BjuB02g018810.3DH.2,1.35
juncea,Bju_B,B02,7,BjuB02g019490.3DH.1,1.1
juncea,Bju_B,B02,12,BjuB02g021230.3DH.1,0.99
juncea,Bju_B,B02,6,BjuB02g023560.3DH.1,2.16
juncea,Bju_B,B02,11,BjuB02g025240.3DH.1,1.44
juncea,Bju_B,B02,6,BjuB02g026600.3DH.1,1.06
juncea,Bju_B,B02,5,BjuB02g027350.3DH.1,0.93
juncea,Bju_B,B02,6,BjuB02g055340.3DH.1,29.78
juncea,Bju_B,B02,8,BjuB02g058130.3DH.1,0.32
juncea,Bju_B,B02,9,BjuB02g060350.3DH.1,0.01
juncea,Bju_B,B02,7,BjuB02g061080.3DH.1,0.58
juncea,Bju_B,B02,27,BjuB02g063170.3DH.1,1.14
juncea,Bju_B,B02,7,BjuB02g063820.3DH.1,3.75
juncea,Bju_B,B02,22,BjuB02g064020.3DH.1,0.68
juncea,Bju_B,B02,15,BjuB02g064510.3DH.1,1.46
juncea,Bju_B,B02,9,BjuB02g064740.3DH.1,0.31
juncea,Bju_B,B02,38,BjuB02g064990.3DH.1,1.09
juncea,Bju_B,B02,6,BjuB02g075180.3DH.1,1.09
juncea,Bju_B,B02,13,BjuB02g078290.3DH.1,1.76
juncea,Bju_B,B02,14,BjuB02g079770.3DH.1,2.13
juncea,Bju_B,B02,10,BjuB02g093530.3DH.1,1.85
juncea,Bju_B,B02,9,BjuB02g093780.3DH.1,1.56
juncea,Bju_B,B02,6,BjuB02g095330.3DH.1,0.61
juncea,Bju_B,B02,18,BjuB02g095760.3DH.1,0.93
juncea,Bju_B,B03,6,BjuB03g000540.3DH.1,1.7
juncea,Bju_B,B03,9,BjuB03g004070.3DH.1,1.42
juncea,Bju_B,B03,7,BjuB03g005070.3DH.1,7.69
juncea,Bju_B,B03,16,BjuB03g007390.3DH.1,6.14
juncea,Bju_B,B03,11,BjuB03g008230.3DH.1,10.89
juncea,Bju_B,B03,18,BjuB03g008550.3DH.1,1.43
juncea,Bju_B,B03,11,BjuB03g014680.3DH.1,0.89
juncea,Bju_B,B03,6,BjuB03g016770.3DH.1,1.69
juncea,Bju_B,B03,6,BjuB03g022890.3DH.1,0.5
juncea,Bju_B,B03,7,BjuB03g023880.3DH.1,0.76
juncea,Bju_B,B03,13,BjuB03g025500.3DH.1,1.47
juncea,Bju_B,B03,5,BjuB03g026550.3DH.1,0.63
juncea,Bju_B,B03,17,BjuB03g027450.3DH.1,0.66
juncea,Bju_B,B03,5,BjuB03g033800.3DH.1,1.3
juncea,Bju_B,B03,7,BjuB03g033970.3DH.1,0.85
juncea,Bju_B,B03,6,BjuB03g034810.3DH.1,1.81
juncea,Bju_B,B03,10,BjuB03g036030.3DH.1,0.54
juncea,Bju_B,B03,9,BjuB03g036220.3DH.1,1.44
juncea,Bju_B,B03,8,BjuB03g037210.3DH.1,0.91
juncea,Bju_B,B03,5,BjuB03g044190.3DH.3,1.7
juncea,Bju_B,B03,6,BjuB03g044610.3DH.1,0.21
juncea,Bju_B,B03,5,BjuB03g053070.3DH.1,1.15
juncea,Bju_B,B03,5,BjuB03g054090.3DH.1,0.81
juncea,Bju_B,B03,8,BjuB03g054330.3DH.1,1.13
juncea,Bju_B,B03,5,BjuB03g059420.3DH.1,1.85
juncea,Bju_B,B03,6,BjuB03g066960.3DH.1,1.19
juncea,Bju_B,B03,7,BjuB03g068430.3DH.1,0.72
juncea,Bju_B,B04,9,BjuB04g000360.3DH.1,0.5
juncea,Bju_B,B04,9,BjuB04g019430.3DH.1,1.1
juncea,Bju_B,B04,5,BjuB04g020960.3DH.1,1.01
juncea,Bju_B,B04,11,BjuB04g021130.3DH.1,0.95
juncea,Bju_B,B04,5,BjuB04g021700.3DH.1,0.54
juncea,Bju_B,B04,6,BjuB04g022000.3DH.1,0.94
juncea,Bju_B,B04,9,BjuB04g022200.3DH.1,0.92
juncea,Bju_B,B04,7,BjuB04g024810.3DH.1,0.0
juncea,Bju_B,B04,17,BjuB04g025290.3DH.1,0.79
juncea,Bju_B,B04,12,BjuB04g025870.3DH.1,0.96
juncea,Bju_B,B04,12,BjuB04g026230.3DH.1,0.98
juncea,Bju_B,B04,6,BjuB04g026940.3DH.1,1.11
juncea,Bju_B,B04,6,BjuB04g027300.3DH.1,1.18
juncea,Bju_B,B04,8,BjuB04g029110.3DH.1,1.93
juncea,Bju_B,B04,5,BjuB04g029330.3DH.1,10.91
juncea,Bju_B,B04,12,BjuB04g030700.3DH.1,7.54
juncea,Bju_B,B04,7,BjuB04g031380.3DH.1,1.5
juncea,Bju_B,B04,10,BjuB04g031890.3DH.1,0.9
juncea,Bju_B,B04,5,BjuB04g043680.3DH.1,0.07
juncea,Bju_B,B04,5,BjuB04g050860.3DH.1,1.88
juncea,Bju_B,B04,5,BjuB04g051390.3DH.1,0.78
juncea,Bju_B,B04,9,BjuB04g055810.3DH.1,0.55
juncea,Bju_B,B04,7,BjuB04g056740.3DH.1,1.07
juncea,Bju_B,B04,19,BjuB04g064570.3DH.1,1.81
juncea,Bju_B,B05,11,BjuB05g000460.3DH.1,1.5
juncea,Bju_B,B05,11,BjuB05g000690.3DH.1,0.8
juncea,Bju_B,B05,5,BjuB05g022670.3DH.1,15.87
juncea,Bju_B,B05,9,BjuB05g022780.3DH.1,1.32
juncea,Bju_B,B05,5,BjuB05g022970.3DH.1,0.05
juncea,Bju_B,B05,5,BjuB05g028720.3DH.1,4.53
juncea,Bju_B,B05,5,BjuB05g029940.3DH.1,0.93
juncea,Bju_B,B05,9,BjuB05g030080.3DH.1,0.64
juncea,Bju_B,B05,9,BjuB05g030270.3DH.1,0.8
juncea,Bju_B,B05,5,BjuB05g030750.3DH.2,1.73
juncea,Bju_B,B05,5,BjuB05g031440.3DH.1,9.11
juncea,Bju_B,B05,5,BjuB05g031690.3DH.1,1.16
juncea,Bju_B,B05,7,BjuB05g032230.3DH.1,1.85
juncea,Bju_B,B05,5,BjuB05g032480.3DH.1,1.22
juncea,Bju_B,B05,11,BjuB05g032600.3DH.1,0.8
juncea,Bju_B,B05,19,BjuB05g033260.3DH.1,0.2
juncea,Bju_B,B05,21,BjuB05g054800.3DH.1,1.82
juncea,Bju_B,B05,18,BjuB05g056010.3DH.1,0.62
juncea,Bju_B,B05,8,BjuB05g057330.3DH.1,1.02
juncea,Bju_B,B05,12,BjuB05g058300.3DH.1,1.24
juncea,Bju_B,B05,7,BjuB05g058990.3DH.1,1.08
juncea,Bju_B,B05,9,BjuB05g062330.3DH.2,0.0
juncea,Bju_B,B05,6,BjuB05g068740.3DH.1,0.43
juncea,Bju_B,B05,11,BjuB05g076600.3DH.1,0.98
juncea,Bju_B,B05,7,BjuB05g077330.3DH.1,0.97
juncea,Bju_B,B05,6,BjuB05g080350.3DH.1,2.73
juncea,Bju_B,B05,8,BjuB05g080570.3DH.1,1.02
juncea,Bju_B,B06,14,BjuB06g002200.3DH.1,0.28
juncea,Bju_B,B06,14,BjuB06g012200.3DH.1,1.32
juncea,Bju_B,B06,29,BjuB06g012950.3DH.1,0.93
juncea,Bju_B,B06,6,BjuB06g024800.3DH.1,1.63
juncea,Bju_B,B06,6,BjuB06g028960.3DH.2,2.34
juncea,Bju_B,B06,5,BjuB06g031670.3DH.1,0.05
juncea,Bju_B,B06,14,BjuB06g033060.3DH.1,0.91
juncea,Bju_B,B06,6,BjuB06g051400.3DH.1,0.34
juncea,Bju_B,B06,8,BjuB06g051590.3DH.1,1.2
juncea,Bju_B,B06,6,BjuB06g052480.3DH.1,1.25
juncea,Bju_B,B06,7,BjuB06g052820.3DH.1,0.81
juncea,Bju_B,B06,5,BjuB06g053390.3DH.1,0.52
juncea,Bju_B,B06,8,BjuB06g053810.3DH.1,2.15
juncea,Bju_B,B06,6,BjuB06g054280.3DH.1,1.51
juncea,Bju_B,B06,6,BjuB06g055170.3DH.1,19.93
juncea,Bju_B,B06,11,BjuB06g055780.3DH.1,6.54
juncea,Bju_B,B06,23,BjuB06g057750.3DH.1,0.01
juncea,Bju_B,B06,6,BjuB06g058280.3DH.1,0.16
juncea,Bju_B,B06,5,BjuB06g060750.3DH.1,4.58
juncea,Bju_B,B06,10,BjuB06g063960.3DH.1,1.15
juncea,Bju_B,B06,7,BjuB06g064250.3DH.1,0.57
juncea,Bju_B,B07,7,BjuB07g004340.3DH.1,22.54
juncea,Bju_B,B07,8,BjuB07g007840.3DH.1,47.79
juncea,Bju_B,B07,5,BjuB07g014320.3DH.1,1.15
juncea,Bju_B,B07,11,BjuB07g015970.3DH.1,0.73
juncea,Bju_B,B07,8,BjuB07g016540.3DH.1,1.2
juncea,Bju_B,B07,19,BjuB07g034960.3DH.2,0.75
juncea,Bju_B,B07,11,BjuB07g037340.3DH.1,0.78
juncea,Bju_B,B07,6,BjuB07g038630.3DH.1,1.76
juncea,Bju_B,B07,9,BjuB07g048220.3DH.1,0.78
juncea,Bju_B,B07,14,BjuB07g048810.3DH.1,1.52
juncea,Bju_B,B07,9,BjuB07g049210.3DH.1,2.54
juncea,Bju_B,B07,15,BjuB07g049550.3DH.1,0.31
juncea,Bju_B,B07,9,BjuB07g060920.3DH.1,1.26
juncea,Bju_B,B07,9,BjuB07g061060.3DH.1,1.02
juncea,Bju_B,B07,9,BjuB07g061450.3DH.1,1.07
juncea,Bju_B,B07,16,BjuB07g063460.3DH.1,1.09
juncea,Bju_B,B07,5,BjuB07g063730.3DH.1,0.49
juncea,Bju_B,B08,8,BjuB08g000940.3DH.1,3.3
juncea,Bju_B,B08,11,BjuB08g001730.3DH.1,0.95
juncea,Bju_B,B08,12,BjuB08g003280.3DH.1,0.89
juncea,Bju_B,B08,21,BjuB08g003580.3DH.1,4.18
juncea,Bju_B,B08,7,BjuB08g008600.3DH.1,1.28
juncea,Bju_B,B08,7,BjuB08g018950.3DH.1,1.53
juncea,Bju_B,B08,13,BjuB08g029140.3DH.1,0.88
juncea,Bju_B,B08,6,BjuB08g030930.3DH.1,1.89
juncea,Bju_B,B08,8,BjuB08g032690.3DH.1,0.93
juncea,Bju_B,B08,5,BjuB08g033050.3DH.1,0.02
juncea,Bju_B,B08,22,BjuB08g035020.3DH.1,1.34
juncea,Bju_B,B08,5,BjuB08g047220.3DH.1,0.59
juncea,Bju_B,B08,6,BjuB08g060150.3DH.1,1.43
juncea,Bju_B,B08,14,BjuB08g060950.3DH.1,1.56
juncea,Bju_B,B08,5,BjuB08g062850.3DH.1,1.3
juncea,Bju_B,Scaffold00255,5,BjuS00255g0020.3DH.1,0.0
juncea,Bju_B,Scaffold00304,13,BjuS00304g0140.3DH.1,5.29
juncea,Bju_B,Scaffold00334,9,BjuS00334g0050.3DH.1,0.39
juncea,Bju_B,Scaffold00561,10,BjuS00561g0110.3DH.1,0.28
juncea,Bju_B,Scaffold00561,7,BjuS00561g0320.3DH.1,0.83
juncea,Bju_B,Scaffold00964,5,BjuS00964g0130.3DH.1,1.57
juncea,Bju_B,Scaffold01020,13,BjuS01020g0040.3DH.1,12.16
napus,Bna_A,N1,10,BnaA01g006330.3DH.1,1.24
napus,Bna_A,N1,5,BnaA01g023240.3DH.1,0.7
napus,Bna_A,N1,5,BnaA01g027040.3DH.1,0.98
napus,Bna_A,N1,29,BnaA01g027550.3DH.1,0.9
napus,Bna_A,N1,19,BnaA01g032060.3DH.1,1.15
napus,Bna_A,N1,5,BnaA01g047480.3DH.1,1.21
napus,Bna_A,N10,126,BnaA10g033460.3DH.1,2.07
napus,Bna_A,N2,45,BnaA02g000030.3DH.1,1.77
napus,Bna_A,N2,8,BnaA02g012410.3DH.1,1.78
napus,Bna_A,N2,6,BnaA02g018900.3DH.1,0.61
napus,Bna_A,N2,10,BnaA02g020200.3DH.1,0.82
napus,Bna_A,N2,6,BnaA02g020440.3DH.1,0.47
napus,Bna_A,N2,8,BnaA02g021630.3DH.1,0.89
napus,Bna_A,N2,10,BnaA02g021740.3DH.1,0.78
napus,Bna_A,N2,5,BnaA02g021920.3DH.1,1.21
napus,Bna_A,N2,9,BnaA02g022830.3DH.1,2.1
napus,Bna_A,N2,17,BnaA02g023140.3DH.1,1.0
napus,Bna_A,N2,10,BnaA02g025560.3DH.1,1.86
napus,Bna_A,N2,6,BnaA02g027400.3DH.1,0.83
napus,Bna_A,N2,7,BnaA02g033480.3DH.1,0.71
napus,Bna_A,N2,35,BnaA02g048170.3DH.1,1.4
napus,Bna_A,N4,38,BnaA04g015980.3DH.1,1.24
napus,Bna_A,N4,26,BnaA04g026730.3DH.1,0.94
napus,Bna_A,N4,20,BnaA04g028130.3DH.1,0.6
napus,Bna_A,N5,8,BnaA05g000020.3DH.1,1.58
napus,Bna_A,N5,7,BnaA05g000370.3DH.1,1.09
napus,Bna_A,N5,13,BnaA05g003170.3DH.1,0.99
napus,Bna_A,N5,6,BnaA05g017280.3DH.1,0.96
napus,Bna_A,N5,5,BnaA05g020550.3DH.1,1.45
napus,Bna_A,N5,9,BnaA05g026650.3DH.1,1.18
napus,Bna_A,N5,6,BnaA05g044620.3DH.1,0.14
napus,Bna_A,N6,8,BnaA06g000300.3DH.1,1.44
napus,Bna_A,N6,5,BnaA06g001310.3DH.1,0.74
napus,Bna_A,N6,15,BnaA06g003320.3DH.1,1.06
napus,Bna_A,N6,20,BnaA06g023910.3DH.1,1.13
napus,Bna_A,N8,7,BnaA08g006320.3DH.1,1.08
napus,Bna_A,N8,6,BnaA08g007840.3DH.1,1.25
napus,Bna_A,N8,29,BnaA08g028050.3DH.1,0.91
napus,Bna_A,N8,8,BnaA08g036230.3DH.1,0.2
napus,Bna_A,N8,5,BnaA08g038480.3DH.1,0.73
napus,Bna_A,N9,14,BnaA09g000050.3DH.1,1.96
napus,Bna_A,N9,5,BnaA09g017890.3DH.1,1.11
napus,Bna_A,N9,12,BnaA09g020040.3DH.1,1.17
napus,Bna_A,N9,19,BnaA09g025340.3DH.1,0.82
napus,Bna_A,N9,7,BnaA09g027590.3DH.1,0.97
napus,Bna_A,N9,9,BnaA09g030380.3DH.1,1.02
napus,Bna_A,N9,6,BnaA09g051550.3DH.1,1.09
napus,Bna_A,N9,39,BnaA09g068540.3DH.1,0.87
napus,Bna_A,Scaffold00891,5,BnaS00891g110.3DH.1,1.33
napus,Bna_A,Scaffold01069,8,BnaS01069g040.3DH.1,1.22
napus,Bna_C,N11,6,BnaC01g033130.3DH.1,0.93
napus,Bna_C,N11,6,BnaC01g056860.3DH.1,0.89
napus,Bna_C,N11,40,BnaC01g062370.3DH.1,0.78
napus,Bna_C,N12,11,BnaC02g061910.3DH.1,0.1
napus,Bna_C,N13,5,BnaC03g067340.3DH.1,2.31
napus,Bna_C,N13,35,BnaC03g089630.3DH.1,1.48
napus,Bna_C,N14,14,BnaC04g026680.3DH.1,1.59
napus,Bna_C,N14,17,BnaC04g028180.3DH.1,0.75
napus,Bna_C,N14,6,BnaC04g030170.3DH.1,0.76
napus,Bna_C,N14,19,BnaC04g032190.3DH.1,0.77
napus,Bna_C,N14,6,BnaC04g074940.3DH.1,10.93
napus,Bna_C,N14,7,BnaC04g075240.3DH.1,1.07
napus,Bna_C,N16,16,BnaC06g010710.3DH.1,6.51
napus,Bna_C,N16,5,BnaC06g017780.3DH.1,0.11
napus,Bna_C,N16,14,BnaC06g054120.3DH.1,1.97
napus,Bna_C,N17,12,BnaC07g009910.3DH.1,0.68
napus,Bna_C,N17,6,BnaC07g011720.3DH.1,2.62
napus,Bna_C,N17,14,BnaC07g068040.3DH.1,1.23
napus,Bna_C,N18,7,BnaC08g004150.3DH.1,0.06
napus,Bna_C,N18,21,BnaC08g018890.3DH.1,1.45
napus,Bna_C,N19,9,BnaC09g024900.3DH.1,1.44
napus,Bna_C,N19,7,BnaC09g032000.3DH.1,1.17
napus,Bna_C,N19,5,BnaC09g042960.3DH.1,0.77
napus,Bna_C,N19,6,BnaC09g061010.3DH.1,1.68
napus,Bna_C,N19,14,BnaC09g076290.3DH.1,0.6
napus,Bna_C,N19,51,BnaC09g076660.3DH.1,1.59
napus,Bna_C,Scaffold00305b,19,BnaS0305bg030.3DH.1,1.13
napus,Bna_C,Scaffold01003,16,BnaS01003g010.3DH.1,1.48
